from_id,to_id,from_frac
Greenville_SC,45045,1.0
Rock Island_IL,17161,1.0
Harris_TX,48201,1.0
Shelby_TN,47157,1.0
Hudson_NJ,34017,1.0
Williamson_TN,47187,1.0
Broomfield_CO,08014,1.0
Livingston_MI,26093,1.0
Clackamas_OR,41005,1.0
Mitchell_IA,19131,1.0
New Haven_CT,09009,1.0
Chippewa_WI,55017,1.0
Suffolk_NY,36103,1.0
Lake_IN,18089,1.0
Lincoln_NC,37109,1.0
Monongalia_WV,54061,1.0
Baldwin_AL,01003,1.0
Stephenson_IL,17177,1.0
Brunswick_NC,37019,1.0
Peoria_IL,17143,1.0
Milwaukee_WI,55079,1.0
Los Angeles_CA,06037,1.0
Rogers_OK,40131,1.0
Brown_SD,46013,1.0
Beadle_SD,46005,1.0
Hennepin_MN,27053,1.0
Galveston_TX,48167,1.0
Accomack_VA,51001,1.0
Philadelphia_PA,42101,1.0
Morris_NJ,34027,1.0
Whitfield_GA,13313,1.0
Albemarle_VA,51003,1.0
Cuyahoga_OH,39035,1.0
Dallas_TX,48113,1.0
Midland_TX,48329,1.0
Kanawha_WV,54039,1.0
Rock_WI,55105,1.0
Santa Rosa_FL,12113,1.0
Jackson_GA,13157,1.0
Muscogee_GA,13215,1.0
Wapello_IA,19179,1.0
Summit_OH,39153,1.0
Lowndes_MS,28087,1.0
Richmond_GA,13245,1.0
Mobile_AL,01097,1.0
Hamilton_TN,47065,1.0
Tarrant_TX,48439,1.0
Grundy_IL,17063,1.0
Brown_WI,55009,1.0
Jefferson_AL,01073,1.0
Madison_AL,01089,1.0
East Baton Rouge_LA,22033,1.0
Columbia_AR,05027,1.0
Esmeralda_NV,32009,1.0
Medina_OH,39103,1.0
Calhoun_TX,48057,1.0
Washington_UT,49053,1.0
St. Bernard_LA,22087,1.0
Dodge_MN,27039,1.0
Schuylkill_PA,42107,1.0
Middlesex_MA,25017,1.0
Lee_FL,12071,1.0
Wayne_MI,26163,1.0
New York_NY,36061,1.0
Cook_IL,17031,1.0
Independent_MD,24510,1.0
Glynn_GA,13127,1.0
Nassau_NY,36059,1.0
Saline_AR,05125,1.0
Allegheny_PA,42003,1.0
Westchester_NY,36119,1.0
Saunders_NE,31155,1.0
Johnson_KS,20091,1.0
Scioto_OH,39145,1.0
Hamilton_OH,39061,1.0
Porter_IN,18127,1.0
Centre_PA,42027,1.0
Lorain_OH,39093,1.0
Polk_FL,12105,1.0
Lewis And Clark_MT,30049,1.0
Wilson_TN,47189,1.0
Fulton_GA,13121,1.0
Douglas_NE,31055,1.0
Montgomery_AL,01101,1.0
Iron_UT,49021,1.0
Comanche_OK,40031,1.0
St. Louis City_MO,29510,1.0
Multnomah_OR,41051,1.0
Montgomery_PA,42091,1.0
Warren_NY,36113,1.0
Christian_KY,21047,1.0
Bergen_NJ,34003,1.0
Bartow_GA,13015,1.0
Licking_OH,39089,1.0
Vigo_IN,18167,1.0
New Castle_DE,10003,1.0
Hamilton_IN,18057,1.0
Calhoun_MI,26025,1.0
Cass_IN,18017,1.0
Darke_OH,39037,1.0
Crawford_IA,19047,1.0
Buffalo_NE,31019,1.0
Kane_IL,17089,1.0
Spartanburg_SC,45083,1.0
Champaign_IL,17019,1.0
Will_IL,17197,1.0
Westmoreland_PA,42129,1.0
Walworth_WI,55127,1.0
Hillsborough_NH,33011,1.0
Lucas_OH,39095,1.0
Prince Georges_MD,24033,1.0
Calcasieu_LA,22019,1.0
Allendale_SC,45005,1.0
Mecklenburg_NC,37119,1.0
Kern_CA,06029,1.0
Dale_AL,01045,1.0
Duval_FL,12031,1.0
Tuscarawas_OH,39157,1.0
Seward_KS,20175,1.0
Livingston_NY,36051,1.0
Steele_MN,27147,1.0
Jefferson_TX,48245,1.0
Alleghany_VA,51005,1.0
Anne Arundel_MD,24003,1.0
Orange_CA,06059,1.0
Caribou_ID,16029,1.0
El Paso_TX,48141,1.0
Brazoria_TX,48039,1.0
Allen_OH,39003,1.0
Bristol_MA,25005,1.0
Wayne_WV,54099,1.0
Marshall_KY,21157,1.0
Bucks_PA,42017,1.0
Marion_IN,18097,1.0
Wake_NC,37183,1.0
Cobb_GA,13067,1.0
Campbell_WY,56005,1.0
Shelby_IN,18145,1.0
Benzie_MI,26019,1.0
Gwinnett_GA,13135,1.0
Fresno_CA,06019,1.0
Lehigh_PA,42077,1.0
Bourbon_KY,21017,1.0
Norfolk_MA,25021,1.0
Fort Bend_TX,48157,1.0
Wetzel_WV,54103,1.0
Waukesha_WI,55133,1.0
Green_WI,55045,1.0
Henderson_TX,48213,1.0
Lea_NM,35025,1.0
Tulsa_OK,40143,1.0
Acadia_LA,22001,1.0
Jones_MS,28067,1.0
Hall_GA,13139,1.0
Jefferson_OH,39081,1.0
Polk_IA,19153,1.0
Washington_AL,01129,1.0
Ascension_LA,22005,1.0
Oconee_SC,45073,1.0
Charleston_SC,45019,1.0
Crittenden_AR,05035,1.0
Chatham_GA,13051,1.0
Jefferson_KY,21111,1.0
Erie_PA,42049,1.0
Story_IA,19169,1.0
Outagamie_WI,55087,1.0
Concordia_LA,22029,1.0
Middlesex_NJ,34023,1.0
San Diego_CA,06073,1.0
Fayette_PA,42051,1.0
Anderson_TX,48001,1.0
Skagit_WA,53057,1.0
Berks_PA,42011,1.0
Harrison_TX,48203,1.0
Somerset_PA,42111,1.0
Victoria_TX,48469,1.0
Henry_IL,17073,1.0
Des Moines_IA,19057,1.0
Dunn_WI,55033,1.0
Dubuque_IA,19061,1.0
York_PA,42133,1.0
Amelia_VA,51007,1.0
Hampden_MA,25013,1.0
New Hanover_NC,37129,1.0
Rockdale_GA,13247,1.0
McLean_ND,38055,1.0
Bexar_TX,48029,1.0
Sheridan_WY,56033,1.0
Finney_KS,20055,1.0
Washtenaw_MI,26161,1.0
Weld_CO,08123,1.0
Muskogee_OK,40101,1.0
Hunterdon_NJ,34019,1.0
St. Clair_IL,17163,1.0
Fairbanks North Star_AK,02090,1.0
Contra Costa_CA,06013,1.0
Morrill_NE,31123,1.0
King_WA,53033,1.0
El Paso_CO,08041,1.0
Clark_NV,32003,1.0
Washington_MO,29221,1.0
Broward_FL,12011,1.0
Washington_GA,13303,1.0
Guilford_NC,37081,1.0
Kandiyohi_MN,27067,1.0
Providence_RI,44007,1.0
Douglas_IL,17041,1.0
Mayes_OK,40097,1.0
Caddo_LA,22017,1.0
Mason_MI,26105,1.0
Hancock_MS,28045,1.0
Niagara_NY,36063,1.0
Boyd_KY,21019,1.0
Butler_PA,42019,1.0
San Luis Obispo_CA,06079,1.0
Worcester_MA,25027,1.0
Erie_NY,36029,1.0
Franklin_OH,39049,1.0
Pickaway_OH,39129,1.0
Ionia_MI,26067,1.0
Passaic_NJ,34031,1.0
Randolph_IN,18135,1.0
Ramsey_MN,27123,1.0
Racine_WI,55101,1.0
Montgomery_IN,18107,1.0
Webster_IA,19187,1.0
Murray_GA,13213,1.0
Delaware_OH,39041,1.0
Cumberland_ME,23005,1.0
La Salle_IL,17099,1.0
Lafayette_LA,22055,1.0
Lake_IL,17097,1.0
Luzerne_PA,42079,1.0
Gaston_NC,37071,1.0
Matagorda_TX,48321,1.0
Taylor_TX,48441,1.0
Grant_IN,18053,1.0
Morrison_MN,27097,1.0
Anderson_TN,47001,1.0
Montgomery_MD,24031,1.0
Pike_OH,39131,1.0
Greene_TN,47059,1.0
Beaver_PA,42007,1.0
Jackson_MO,29095,1.0
Clark_OH,39023,1.0
Miami-Dade_FL,12086,1.0
Larimer_CO,08069,1.0
York_SC,45091,1.0
Clark_WA,53011,1.0
Marinette_WI,55075,1.0
Alameda_CA,06001,1.0
Riverside_CA,06065,1.0
Pinellas_FL,12103,1.0
Butler_OH,39017,1.0
Union_AR,05139,1.0
Humphreys_TN,47085,1.0
Harrison_MS,28047,1.0
Berkeley_WV,54003,1.0
Douglas_GA,13097,1.0
Lincoln_MS,28085,1.0
Hillsborough_FL,12057,1.0
Elk_PA,42047,1.0
Morgan_AL,01103,1.0
Little River_AR,05081,1.0
Essex_NJ,34013,1.0
Gulf_FL,12045,1.0
Winnebago_WI,55139,1.0
Collin_TX,48085,1.0
Union_SC,45087,1.0
Jefferson_AR,05069,1.0
Onondaga_NY,36067,1.0
Kaufman_TX,48257,1.0
Fremont_WY,56013,1.0
Wood_WI,55141,1.0
Simpson_KY,21213,1.0
Amherst_VA,51009,1.0
Adams_NE,31001,1.0
Pickens_GA,13227,1.0
Swift_MN,27151,1.0
Ogle_IL,17141,1.0
Iredell_NC,37097,1.0
Solano_CA,06095,1.0
Frio_TX,48163,1.0
Vermilion_LA,22113,1.0
Maricopa_AZ,04013,1.0
San Mateo_CA,06081,1.0
Cecil_MD,24015,1.0
Madison_NE,31119,1.0
Winnebago_IL,17201,1.0
Arapahoe_CO,08005,1.0
Brookings_SD,46011,1.0
Pike_PA,42103,1.0
Hamblen_TN,47063,1.0
Columbia_WI,55021,1.0
Fairfield_CT,09001,1.0
Kenosha_WI,55059,1.0
Weber_UT,49057,1.0
Oklahoma_OK,40109,1.0
Gaines_TX,48165,1.0
Faribault_MN,27043,1.0
Wright_IA,19197,1.0
Jefferson_LA,22051,1.0
Navarro_TX,48349,1.0
Okmulgee_OK,40111,1.0
Ashtabula_OH,39007,1.0
La Porte_IN,18091,1.0
Portage_OH,39133,1.0
Walker_GA,13295,1.0
Crockett_TX,48105,1.0
Durham_NC,37063,1.0
Union_NJ,34039,1.0
Meigs_TN,47121,1.0
Hardin_KY,21093,1.0
Panola_TX,48365,1.0
Muscatine_IA,19139,1.0
Clark_IN,18019,1.0
Harper_OK,40059,1.0
Stevens_MN,27149,1.0
Hockley_TX,48219,1.0
Washoe_NV,32031,1.0
Ocean_NJ,34029,1.0
Orleans_LA,22071,1.0
St. Charles_LA,22089,1.0
Iberville_LA,22047,1.0
Midland_MI,26111,1.0
Sarpy_NE,31153,1.0
Bernalillo_NM,35001,1.0
Nolan_TX,48353,1.0
Northampton_PA,42095,1.0
Clinton_IN,18023,1.0
Washington_WI,55131,1.0
Albany_NY,36001,1.0
Pike_MO,29163,1.0
Gage_NE,31067,1.0
Escambia_FL,12033,1.0
St. John the Baptist_LA,22095,1.0
Hartford_CT,09003,1.0
Phelps_NE,31137,1.0
Marion_OR,41047,1.0
Jo Daviess_IL,17085,1.0
Anderson_KS,20003,1.0
Washington_PA,42125,1.0
Gregg_TX,48183,1.0
Lake_OH,39085,1.0
Montgomery_TX,48339,1.0
Boulder_CO,08013,1.0
Pierce_WA,53053,1.0
Chester_PA,42029,1.0
Nueces_TX,48355,1.0
Mercer_NJ,34021,1.0
Cabarrus_NC,37025,1.0
New London_CT,09011,1.0
Knox_TN,47093,1.0
Marshall_IL,17123,1.0
Kent_MI,26081,1.0
San Bernardino_CA,06071,1.0
Burnet_TX,48053,1.0
Assumption_LA,22007,1.0
Walker_TX,48471,1.0
Stark_OH,39151,1.0
Brevard_FL,12009,1.0
Cleveland_OK,40027,1.0
Lackawanna_PA,42069,1.0
Dougherty_GA,13095,1.0
Lowndes_GA,13185,1.0
Warren_MS,28149,1.0
Muskegon_MI,26121,1.0
Wichita_KS,20203,1.0
Pima_AZ,04019,1.0
Seneca_NY,36099,1.0
Sedgwick_KS,20173,1.0
Madison_IL,17119,1.0
Garland_AR,05051,1.0
Williamson_TX,48491,1.0
Palm Beach_FL,12099,1.0
Jackson_MS,28059,1.0
Beaufort_SC,45013,1.0
Cabell_WV,54011,1.0
Butler_IA,19023,1.0
Fillmore_NE,31059,1.0
Hardin_IA,19083,1.0
Buchanan_IA,19019,1.0
Mitchell_GA,13205,1.0
Anoka_MN,27003,1.0
Cache_UT,49005,1.0
Pitt_NC,37147,1.0
Washington_RI,44009,1.0
Monterey_CA,06053,1.0
Independence_AR,05063,1.0
St. Louis_MO,29189,1.0
Hancock_WV,54029,1.0
Somerset_NJ,34035,1.0
Russell_AL,01113,1.0
Tuscaloosa_AL,01125,1.0
Waldo_ME,23027,1.0
Talladega_AL,01121,1.0
Choctaw_AL,01023,1.0
Morehouse_LA,22067,1.0
Beauregard_LA,22011,1.0
Hardin_TN,47071,1.0
Washington_NC,37187,1.0
Georgetown_SC,45043,1.0
Lawrence_MS,28077,1.0
Marengo_AL,01091,1.0
Polk_GA,13233,1.0
Decatur_GA,13087,1.0
Smith_MS,28129,1.0
Angelina_TX,48005,1.0
Tulare_CA,06107,1.0
Etowah_AL,01055,1.0
Dorchester_SC,45035,1.0
Haywood_NC,37087,1.0
Dearborn_IN,18029,1.0
Codington_SD,46029,1.0
Edmunds_SD,46045,1.0
Sangamon_IL,17167,1.0
DeKalb_GA,13089,1.0
Cerro Gordo_IA,19033,1.0
Holt_MO,29087,1.0
Yellow Medicine_MN,27173,1.0
Sweetwater_WY,56037,1.0
Jefferson_CO,08059,1.0
Denver_CO,08031,1.0
Kendall_IL,17093,1.0
Holt_NE,31089,1.0
Merrick_NE,31121,1.0
Martin_MN,27091,1.0
Posey_IN,18129,1.0
Obion_TN,47131,1.0
Valley_NE,31175,1.0
Otter Tail_MN,27111,1.0
Wells_IN,18179,1.0
Dickinson_IA,19059,1.0
York_NE,31185,1.0
Lenawee_MI,26091,1.0
Travis_TX,48453,1.0
Deaf Smith_TX,48117,1.0
Sheboygan_WI,55117,1.0
Johnson_TX,48251,1.0
Orangeburg_SC,45075,1.0
Sumter_AL,01119,1.0
Aiken_SC,45003,1.0
Greene_OH,39057,1.0
Richland_ND,38077,1.0
Colbert_AL,01033,1.0
Logan_IL,17107,1.0
Washington_AR,05143,1.0
Dakota_MN,27037,1.0
Montgomery_OH,39113,1.0
Jackson_MN,27063,1.0
Saratoga_NY,36091,1.0
Redwood_MN,27127,1.0
Davis_UT,49011,1.0
Santa Clara_CA,06085,1.0
Berkshire_MA,25003,1.0
Wayne_IN,18177,1.0
Chickasaw_IA,19037,1.0
Massac_IL,17127,1.0
Appomattox_VA,51011,1.0
Gordon_GA,13129,1.0
Antelope_NE,31003,1.0
La Crosse_WI,55063,1.0
Dane_WI,55025,1.0
Monmouth_NJ,34025,1.0
Mason_WV,54053,1.0
Douglas_KS,20045,1.0
DuPage_IL,17043,1.0
Marlboro_SC,45069,1.0
Clay_IN,18021,1.0
Denton_TX,48121,1.0
Lawrence_AR,05075,1.0
Monroe_NY,36055,1.0
Davidson_TN,47037,1.0
Rowan_NC,37159,1.0
Kleberg_TX,48273,1.0
Wyandotte_KS,20209,1.0
Washington_OR,41067,1.0
Craighead_AR,05031,1.0
Titus_TX,48449,1.0
Mercer_PA,42085,1.0
Tooele_UT,49045,1.0
Dewey_OK,40043,1.0
Worth_IA,19195,1.0
Arlington_VA,51013,1.0
McMinn_TN,47107,1.0
Harford_MD,24025,1.0
Rice_KS,20159,1.0
Essex_MA,25009,1.0
Cherokee_KS,20021,1.0
Fayette_WV,54019,1.0
Sevier_TN,47155,1.0
Gloucester_NJ,34015,1.0
Wood_OH,39173,1.0
Kay_OK,40071,1.0
Rockwall_TX,48397,1.0
Kearney_NE,31099,1.0
Custer_OK,40039,1.0
Jefferson_WI,55055,1.0
Richland_SC,45079,1.0
Berkeley_SC,45015,1.0
Monroe_MS,28095,1.0
Elkhart_IN,18039,1.0
Osceola_FL,12097,1.0
Dauphin_PA,42043,1.0
Mineral_WV,54057,1.0
Metcalfe_KY,21169,1.0
Pueblo_CO,08101,1.0
Augusta_VA,51015,1.0
Lake_SD,46079,1.0
Le Sueur_MN,27079,1.0
Randolph_MO,29175,1.0
Rusk_TX,48401,1.0
Stevens_WA,53065,1.0
Forsyth_GA,13117,1.0
Marshall_AL,01095,1.0
Shelby_AL,01117,1.0
Marion_FL,12083,1.0
Franklin_TN,47051,1.0
Scott_MN,27139,1.0
Crawford_IL,17033,1.0
Cherokee_IA,19035,1.0
Genesee_MI,26049,1.0
Morris_TX,48343,1.0
Clayton_GA,13063,1.0
Bradley_TN,47011,1.0
Greene_IA,19073,1.0
Kings_NY,36047,1.0
Chambers_TX,48071,1.0
Ouachita_LA,22073,1.0
Oakland_MI,26125,1.0
St. Tammany_LA,22103,1.0
Madison_GA,13195,1.0
Marion_OH,39101,1.0
Lane_OR,41039,1.0
Juneau_WI,55057,1.0
Putnam_IL,17155,1.0
Forsyth_NC,37067,1.0
San Joaquin_CA,06077,1.0
Ector_TX,48135,1.0
Columbiana_OH,39029,1.0
Northumberland_PA,42097,1.0
Litchfield_CT,09005,1.0
Gratiot_MI,26057,1.0
Perkins_NE,31135,1.0
Lincoln_NE,31111,1.0
Platte_NE,31141,1.0
Saline_MO,29195,1.0
Johnson_IN,18081,1.0
Cameron_TX,48061,1.0
Barbour_AL,01005,1.0
Boone_KY,21015,1.0
Seminole_FL,12117,1.0
Tyler_WV,54095,1.0
Yellowstone_MT,30111,1.0
Putnam_FL,12107,1.0
Meade_KY,21163,1.0
Benton_WA,53005,1.0
Grant_WA,53025,1.0
Alamance_NC,37001,1.0
East Carroll_LA,22035,1.0
West Baton Rouge_LA,22121,1.0
Bowie_TX,48037,1.0
Republic_KS,20157,1.0
St. James_LA,22093,1.0
Phillips_AR,05107,1.0
Delaware_PA,42045,1.0
Wabash_IN,18169,1.0
Grant_SD,46051,1.0
Washington_NE,31177,1.0
Franklin_NC,37069,1.0
Unicoi_TN,47171,1.0
Turner_SD,46125,1.0
Columbus_NC,37047,1.0
Lexington_SC,45063,1.0
Washington_OH,39167,1.0
Jackson_TX,48239,1.0
Monroe_PA,42089,1.0
Venango_PA,42121,1.0
St. Joseph_IN,18141,1.0
Rutland_VT,50021,1.0
Sullivan_TN,47163,1.0
Ford_IL,17053,1.0
Coffee_GA,13069,1.0
Vanderburgh_IN,18163,1.0
Jackson_OR,41029,1.0
Sussex_DE,10005,1.0
Pickens_SC,45077,1.0
Boundary_ID,16021,1.0
Richland_OH,39139,1.0
Rapides_LA,22079,1.0
Maui_HI,15009,1.0
Hawaii_HI,15001,1.0
Hamilton_NE,31081,1.0
Tazewell_IL,17179,1.0
Sacramento_CA,06067,1.0
Cassia_ID,16031,1.0
Morrow_OR,41049,1.0
Gila_AZ,04007,1.0
Rutherford_TN,47149,1.0
Cowlitz_WA,53015,1.0
Beaufort_NC,37013,1.0
Floyd_GA,13115,1.0
Austin_TX,48015,1.0
Houghton_MI,26061,1.0
Catoosa_GA,13047,1.0
Clearfield_PA,42033,1.0
Gray_TX,48179,1.0
Transylvania_NC,37175,1.0
Shelby_KY,21211,1.0
Martin_FL,12085,1.0
Plymouth_IA,19149,1.0
Tuscola_MI,26157,1.0
Carroll_IA,19027,1.0
Hamilton_IA,19079,1.0
Cottonwood_MN,27033,1.0
Freeborn_MN,27047,1.0
Osceola_IA,19143,1.0
Adams_IA,19003,1.0
Seneca_OH,39147,1.0
Lincoln_SD,46083,1.0
Audrain_MO,29007,1.0
Blue Earth_MN,27013,1.0
Putnam_OH,39137,1.0
Jay_IN,18075,1.0
Fillmore_MN,27045,1.0
Bon Homme_SD,46009,1.0
Minnehaha_SD,46099,1.0
Davison_SD,46035,1.0
Huron_OH,39077,1.0
Pulaski_AR,05119,1.0
Manatee_FL,12081,1.0
Marathon_WI,55073,1.0
Carroll_IL,17015,1.0
Phillips_KS,20147,1.0
Washington_TN,47179,1.0
Anderson_SC,45007,1.0
Nye_NV,32023,1.0
Middlesex_CT,09007,1.0
Spencer_IN,18147,1.0
Cape Girardeau_MO,29031,1.0
Ida_IA,19093,1.0
Daviess_KY,21059,1.0
Santa Cruz_CA,06087,1.0
Martin_TX,48317,1.0
Garfield_OK,40047,1.0
Fayette_IN,18041,1.0
Roberts_SD,46109,1.0
Spink_SD,46115,1.0
Wright_MN,27171,1.0
Washington_TX,48477,1.0
Oneida_NY,36065,1.0
Erie_OH,39043,1.0
Worcester_MD,24047,1.0
Scurry_TX,48415,1.0
Cleveland_NC,37045,1.0
Lincoln_WY,56023,1.0
Cherokee_SC,45021,1.0
Randolph_NC,37151,1.0
Bibb_GA,13021,1.0
Kent_RI,44003,1.0
Lubbock_TX,48303,1.0
Carroll_MO,29033,1.0
Schenectady_NY,36093,1.0
Cocke_TN,47029,1.0
Adams_IN,18001,1.0
Uintah_UT,49047,1.0
Sioux_IA,19167,1.0
Dakota_NE,31043,1.0
Tangipahoa_LA,22105,1.0
Delaware_IA,19055,1.0
Boone_IL,17007,1.0
Clay_MS,28025,1.0
Pottawattamie_IA,19155,1.0
Gadsden_FL,12039,1.0
Dallas_AL,01047,1.0
Carlton_MN,27017,1.0
Ross_OH,39141,1.0
Koochiching_MN,27071,1.0
Dickinson_MI,26043,1.0
Franklin_ME,23007,1.0
Walla Walla_WA,53071,1.0
Clarke_AL,01025,1.0
Barton_MO,29011,1.0
Defiance_OH,39039,1.0
Harvey_KS,20079,1.0
Walton_GA,13297,1.0
Greene_GA,13133,1.0
Logan_CO,08075,1.0
Orange_TX,48361,1.0
Orange_NY,36071,1.0
Alachua_FL,12001,1.0
Sunflower_MS,28133,1.0
Orange_FL,12095,1.0
Stanislaus_CA,06099,1.0
St. Louis_MN,27137,1.0
Lincoln_LA,22061,1.0
Oneida_ID,16071,1.0
Henderson_KY,21101,1.0
Wood_WV,54107,1.0
Waller_TX,48473,1.0
Wyoming_NY,36121,1.0
Cass_ND,38017,1.0
Kalamazoo_MI,26077,1.0
Coshocton_OH,39031,1.0
Sanilac_MI,26151,1.0
Escambia_AL,01053,1.0
Bradford_PA,42015,1.0
Orange_NC,37135,1.0
Hitchcock_NE,31087,1.0
Pearl River_MS,28109,1.0
Cherokee_GA,13057,1.0
Hoke_NC,37093,1.0
Windham_CT,09015,1.0
Union_NC,37179,1.0
Ottawa_MI,26139,1.0
Ventura_CA,06111,1.0
Sanders_MT,30089,1.0
Buena Vista_IA,19021,1.0
Boone_NE,31011,1.0
O'Brien_IA,19141,1.0
Fayette_OH,39047,1.0
Calloway_KY,21035,1.0
Greenup_KY,21089,1.0
Grays Harbor_WA,53027,1.0
Clinton_IA,19045,1.0
Williams_OH,39171,1.0
Palo Alto_IA,19147,1.0
Clinton_NY,36019,1.0
Wichita_TX,48485,1.0
Linn_OR,41043,1.0
Howard_MD,24027,1.0
Hampshire_MA,25015,1.0
Jackson_OH,39079,1.0
Orleans_NY,36073,1.0
Logan_KS,20109,1.0
Ballard_KY,21007,1.0
Rio Grande_CO,08105,1.0
Floyd_IN,18043,1.0
Ingham_MI,26065,1.0
Yuma_CO,08125,1.0
Delaware_NY,36025,1.0
Dickson_TN,47043,1.0
Shelby_OH,39149,1.0
Broome_NY,36007,1.0
Mille Lacs_MN,27095,1.0
San Juan_NM,35045,1.0
Dorchester_MD,24019,1.0
Carroll_KY,21041,1.0
Salt Lake_UT,49035,1.0
Yamhill_OR,41071,1.0
Mississippi_AR,05093,1.0
San Patricio_TX,48409,1.0
Darlington_SC,45031,1.0
Hertford_NC,37091,1.0
Rockingham_NC,37157,1.0
Shawnee_KS,20177,1.0
Lancaster_PA,42071,1.0
Florence_SC,45041,1.0
Ellis_TX,48139,1.0
DeKalb_IN,18033,1.0
Sandoval_NM,35043,1.0
Hansford_TX,48195,1.0
Rankin_MS,28121,1.0
Montezuma_CO,08083,1.0
Laramie_WY,56021,1.0
Columbia_OR,41009,1.0
Spokane_WA,53063,1.0
Bath_VA,51017,1.0
Burlington_NJ,34005,1.0
Pettis_MO,29159,1.0
Bell_TX,48027,1.0
Reno_KS,20155,1.0
Honolulu_HI,15003,1.0
Iberia_LA,22045,1.0
Wicomico_MD,24045,1.0
Wayne_NC,37191,1.0
Chemung_NY,36015,1.0
Knox_IN,18083,1.0
Potter_TX,48375,1.0
Douglas_OR,41019,1.0
Stephens_OK,40137,1.0
Clermont_OH,39025,1.0
Mahoning_OH,39099,1.0
Hancock_OH,39063,1.0
Allen_IN,18003,1.0
Scott_IA,19163,1.0
Sebastian_AR,05131,1.0
Woodbury_IA,19193,1.0
Camden_NJ,34007,1.0
Sarasota_FL,12115,1.0
Warren_KY,21227,1.0
Macomb_MI,26099,1.0
Rockland_NY,36087,1.0
Colleton_SC,45029,1.0
Fayette_KY,21067,1.0
Taney_MO,29213,1.0
Macon_IL,17115,1.0
Loudon_TN,47105,1.0
Upton_TX,48461,1.0
Coles_IL,17029,1.0
Warrick_IN,18173,1.0
Pulaski_KY,21199,1.0
Itasca_MN,27061,1.0
Canyon_ID,16027,1.0
Catawba_NC,37035,1.0
Warren_NJ,34041,1.0
Fond du Lac_WI,55039,1.0
Fulton_OH,39051,1.0
Smith_TX,48423,1.0
Rush_KS,20165,1.0
York_ME,23031,1.0
Effingham_GA,13103,1.0
Androscoggin_ME,23001,1.0
Jefferson_PA,42065,1.0
Pendleton_WV,54071,1.0
Bedford_VA,51019,1.0
Lancaster_NE,31109,1.0
Pennington_SD,46103,1.0
Madison_MS,28089,1.0
Blair_PA,42013,1.0
Hutchinson_TX,48233,1.0
Crawford_AR,05033,1.0
Montgomery_IA,19137,1.0
Kauai_HI,15007,1.0
Colorado_TX,48089,1.0
Yavapai_AZ,04025,1.0
Boone_MO,29019,1.0
Oldham_KY,21185,1.0
Cimarron_OK,40025,1.0
Union_IA,19175,1.0
Yazoo_MS,28163,1.0
Bonneville_ID,16019,1.0
Ada_ID,16001,1.0
Butte_CA,06007,1.0
Macon_MO,29121,1.0
Harper_KS,20077,1.0
Washington_MD,24043,1.0
Kershaw_SC,45055,1.0
Ford_KS,20057,1.0
Haskell_KS,20081,1.0
Lyon_MN,27083,1.0
Ellsworth_KS,20053,1.0
Navajo_AZ,04017,1.0
Consolidated Municipality of C_NV,32510,1.0
Montgomery_TN,47125,1.0
Mesa_CO,08077,1.0
Burt_NE,31021,1.0
Umatilla_OR,41059,1.0
Blount_TN,47009,1.0
Queens_NY,36081,1.0
Bulloch_GA,13031,1.0
Washington_NY,36115,1.0
Eddy_NM,35015,1.0
Garfield_CO,08045,1.0
Evangeline_LA,22039,1.0
St. Mary_LA,22101,1.0
Harrison_KY,21097,1.0
Cass_TX,48067,1.0
Mohave_AZ,04015,1.0
Grant_KS,20067,1.0
Moore_TX,48341,1.0
Howard_TX,48227,1.0
Franklin_MA,25011,1.0
Bay_FL,12005,1.0
Gonzales_TX,48177,1.0
Clinton_KY,21053,1.0
Kimble_TX,48267,1.0
Maries_MO,29125,1.0
Tucker_WV,54093,1.0
Spalding_GA,13255,1.0
Fentress_TN,47049,1.0
Boone_AR,05009,1.0
Carter_MO,29035,1.0
Dent_MO,29065,1.0
Howell_MO,29091,1.0
Marion_AR,05089,1.0
Hinds_MS,28049,1.0
Lincoln_WI,55069,1.0
Geauga_OH,39055,1.0
Jasper_IN,18073,1.0
Kankakee_IL,17091,1.0
Utah_UT,49049,1.0
Houston_GA,13153,1.0
Bland_VA,51021,1.0
McLennan_TX,48309,1.0
Grant_WV,54023,1.0
Adair_OK,40001,1.0
Ashley_AR,05003,1.0
Yakima_WA,53077,1.0
Seward_NE,31159,1.0
St. Charles_MO,29183,1.0
Covington_AL,01039,1.0
Winn_LA,22127,1.0
Chatham_NC,37037,1.0
Marquette_MI,26103,1.0
Clay_MO,29047,1.0
Perry_MO,29157,1.0
Davidson_NC,37057,1.0
Poweshiek_IA,19157,1.0
Emmet_MI,26047,1.0
Osage_MO,29151,1.0
McHenry_IL,17111,1.0
Nicholas_WV,54067,1.0
Monroe_MI,26115,1.0
Newton_GA,13217,1.0
Ozaukee_WI,55089,1.0
Queen Anne's_MD,24035,1.0
Horry_SC,45051,1.0
Cattaraugus_NY,36009,1.0
Cumberland_NC,37051,1.0
Beltrami_MN,27007,1.0
Miami_OH,39109,1.0
Botetourt_VA,51023,1.0
Sumter_SC,45085,1.0
Humboldt_CA,06023,1.0
Sandusky_OH,39143,1.0
Saginaw_MI,26145,1.0
Monroe_IN,18105,1.0
Parker_TX,48367,1.0
Liberty_GA,13179,1.0
Sawyer_WI,55113,1.0
Northampton_NC,37131,1.0
Linn_IA,19113,1.0
Marin_CA,06041,1.0
Chase_KS,20017,1.0
Plymouth_MA,25023,1.0
Burke_NC,37023,1.0
Hempstead_AR,05057,1.0
McKean_PA,42083,1.0
Union_OR,41061,1.0
Rockingham_NH,33015,1.0
Forrest_MS,28035,1.0
Payne_OK,40119,1.0
Henry_IN,18065,1.0
St. Croix_WI,55109,1.0
Fulton_IN,18049,1.0
Trumbull_OH,39155,1.0
Kenton_KY,21117,1.0
Coffee_TN,47031,1.0
Gillespie_TX,48171,1.0
Wayne_NY,36117,1.0
Pike_AL,01109,1.0
Appling_GA,13001,1.0
Richland_IL,17159,1.0
Lee_AL,01081,1.0
Delaware_IN,18035,1.0
Warren_IA,19181,1.0
Clinton_MI,26037,1.0
Mitchell_KS,20123,1.0
Ben Hill_GA,13017,1.0
Shiawassee_MI,26155,1.0
Isabella_MI,26073,1.0
Giles_TN,47055,1.0
Clare_MI,26035,1.0
Crawford_GA,13079,1.0
Snohomish_WA,53061,1.0
Blackford_IN,18009,1.0
St. Clair_MI,26147,1.0
Guernsey_OH,39059,1.0
Fayette_TN,47047,1.0
Warren_OH,39165,1.0
Polk_TN,47139,1.0
Wilcox_AL,01131,1.0
Newport_RI,44005,1.0
Brunswick_VA,51025,1.0
Monroe_TN,47123,1.0
White_GA,13311,1.0
Atlantic_NJ,34001,1.0
Crawford_WI,55023,1.0
Lee_MS,28081,1.0
Marion_TN,47115,1.0
Polk_WI,55095,1.0
Henderson_NC,37089,1.0
Ashland_OH,39005,1.0
Fayette_IL,17051,1.0
Lowndes_AL,01085,1.0
Auglaize_OH,39011,1.0
Winona_MN,27169,1.0
Robertson_TN,47147,1.0
Chester_SC,45023,1.0
Antrim_MI,26009,1.0
St. Johns_FL,12109,1.0
Mason_WA,53045,1.0
Mitchell_NC,37121,1.0
Harrison_WV,54033,1.0
Nash_NC,37127,1.0
Hernando_FL,12053,1.0
Volusia_FL,12127,1.0
Madison_IN,18095,1.0
Greene_IN,18055,1.0
Anchorage_AK,02020,1.0
Tehama_CA,06103,1.0
Lafourche_LA,22057,1.0
Fayette_GA,13113,1.0
Lewis_TN,47101,1.0
Eau Claire_WI,55035,1.0
Pend Oreille_WA,53051,1.0
Traverse_MN,27155,1.0
Buchanan_VA,51027,1.0
Wexford_MI,26165,1.0
Montgomery_KS,20125,1.0
Sherburne_MN,27141,1.0
Grundy_MO,29079,1.0
Bryan_GA,13029,1.0
Lawrence_OH,39087,1.0
DeSoto_MS,28033,1.0
Abbeville_SC,45001,1.0
Bay_MI,26017,1.0
Bossier_LA,22015,1.0
Benton_AR,05007,1.0
Marquette_WI,55077,1.0
Tolland_CT,09013,1.0
Morgan_TN,47129,1.0
Morgan_IN,18109,1.0
Saline_KS,20169,1.0
Grimes_TX,48185,1.0
Door_WI,55029,1.0
Garrett_MD,24023,1.0
Placer_CA,06061,1.0
Muskingum_OH,39119,1.0
Halifax_NC,37083,1.0
Ray_MO,29177,1.0
Franklin_MO,29071,1.0
Tippah_MS,28139,1.0
Barry_MI,26015,1.0
Santa Barbara_CA,06083,1.0
Sussex_NJ,34037,1.0
Gladwin_MI,26051,1.0
Creek_OK,40037,1.0
Carroll_TN,47017,1.0
Caldwell_NC,37027,1.0
Jefferson_MO,29099,1.0
White_IL,17193,1.0
Craven_NC,37049,1.0
Wayne_OH,39169,1.0
Steuben_IN,18151,1.0
Wilkes_NC,37193,1.0
Buckingham_VA,51029,1.0
Campbell_VA,51031,1.0
Kent_MD,24029,1.0
Pontotoc_MS,28115,1.0
Twin Falls_ID,16083,1.0
Macon_GA,13193,1.0
Chattooga_GA,13055,1.0
Williamsburg_SC,45089,1.0
Nassau_FL,12089,1.0
Wayne_GA,13305,1.0
Jackson_IN,18071,1.0
Franklin_KS,20059,1.0
Champaign_OH,39021,1.0
Caroline_VA,51033,1.0
Jasper_MO,29097,1.0
Allegany_MD,24001,1.0
Chittenden_VT,50007,1.0
Clarke_GA,13059,1.0
Clay_TN,47027,1.0
Edgefield_SC,45037,1.0
Jackson_IA,19097,1.0
Guadalupe_TX,48187,1.0
Lebanon_PA,42075,1.0
Whitley_IN,18183,1.0
Clatsop_OR,41007,1.0
Putnam_IN,18133,1.0
Caddo_OK,40015,1.0
Houston_MN,27055,1.0
Chenango_NY,36017,1.0
Yadkin_NC,37197,1.0
Wright_MO,29229,1.0
Houston_AL,01069,1.0
Douglas_WI,55031,1.0
Upshur_TX,48459,1.0
Bureau_IL,17011,1.0
Conecuh_AL,01035,1.0
Ripley_MO,29181,1.0
Yolo_CA,06113,1.0
Grand Forks_ND,38035,1.0
Vermilion_IL,17183,1.0
Highlands_FL,12055,1.0
Hendry_FL,12051,1.0
Cochise_AZ,04003,1.0
Lincoln_ME,23015,1.0
Burleigh_ND,38015,1.0
Ontario_NY,36069,1.0
McLean_IL,17113,1.0
Runnels_TX,48399,1.0
Kings_CA,06031,1.0
Pinal_AZ,04021,1.0
Aroostook_ME,23003,1.0
Whatcom_WA,53073,1.0
Marshall_MN,27089,1.0
Polk_MN,27119,1.0
Washington_KY,21229,1.0
Sullivan_NH,33019,1.0
DeKalb_IL,17037,1.0
Johnston_NC,37101,1.0
Gibson_TN,47053,1.0
Hidalgo_TX,48215,1.0
Edwards_IL,17047,1.0
Effingham_IL,17049,1.0
Carroll_VA,51035,1.0
Greene_IL,17061,1.0
Christian_IL,17021,1.0
Charles City_VA,51036,1.0
Watonwan_MN,27165,1.0
Mercer_ND,38057,1.0
Starke_IN,18149,1.0
Mason_IL,17125,1.0
Allegan_MI,26005,1.0
Moultrie_IL,17139,1.0
Robeson_NC,37155,1.0
Minidoka_ID,16067,1.0
Delaware_OK,40041,1.0
McLeod_MN,27085,1.0
Decatur_IN,18031,1.0
Malheur_OR,41045,1.0
Genesee_NY,36037,1.0
Benton_IA,19011,1.0
Hale_TX,48189,1.0
Van Wert_OH,39161,1.0
Lincoln_MO,29113,1.0
Phelps_MO,29161,1.0
Linn_MO,29115,1.0
Ottawa_KS,20143,1.0
Josephine_OR,41033,1.0
Grayson_TX,48181,1.0
Grant_MN,27051,1.0
Nobles_MN,27105,1.0
Adams_WA,53001,1.0
Thurston_WA,53067,1.0
Indian River_FL,12061,1.0
Jackson_OK,40065,1.0
Dallam_TX,48111,1.0
Wood_TX,48499,1.0
Jerome_ID,16053,1.0
Fremont_ID,16043,1.0
Swisher_TX,48437,1.0
Shelby_IL,17173,1.0
Lake_FL,12069,1.0
Charlotte_VA,51037,1.0
Goodhue_MN,27049,1.0
Livingston_MO,29117,1.0
Hays_TX,48209,1.0
Saline_IL,17165,1.0
Cedar_IA,19031,1.0
Madera_CA,06039,1.0
Vernon_WI,55123,1.0
Allamakee_IA,19005,1.0
Polk_MO,29167,1.0
Keokuk_IA,19107,1.0
Goshen_WY,56015,1.0
Washita_OK,40149,1.0
Frederick_MD,24021,1.0
Franklin_PA,42055,1.0
Carroll_MD,24013,1.0
Buchanan_MO,29021,1.0
Fergus_MT,30027,1.0
Calhoun_IA,19025,1.0
Adams_PA,42001,1.0
Meeker_MN,27093,1.0
Dawson_NE,31047,1.0
Boone_IN,18011,1.0
Putnam_GA,13237,1.0
Juniata_PA,42067,1.0
Hardee_FL,12049,1.0
Harrison_IN,18061,1.0
Union_OH,39159,1.0
Woodford_IL,17203,1.0
Hamilton_FL,12047,1.0
Olmsted_MN,27109,1.0
Edwards_KS,20047,1.0
Kiowa_KS,20097,1.0
Howard_IA,19089,1.0
Randolph_AR,05121,1.0
La Plata_CO,08067,1.0
Chippewa_MN,27023,1.0
Perry_IN,18123,1.0
Preble_OH,39135,1.0
Chesterfield_VA,51041,1.0
Cooke_TX,48097,1.0
Polk_NE,31143,1.0
Monroe_WI,55081,1.0
Lyon_IA,19119,1.0
Colfax_NE,31037,1.0
Dodge_NE,31053,1.0
Hart_KY,21099,1.0
Stanley_SD,46117,1.0
Jones_SD,46075,1.0
Decatur_KS,20039,1.0
Lee_IA,19111,1.0
Iroquois_IL,17075,1.0
Black Hawk_IA,19013,1.0
Franklin_GA,13119,1.0
Marion_MO,29127,1.0
Henry_MO,29083,1.0
Somerset_ME,23025,1.0
Chase_NE,31029,1.0
Christian_MO,29043,1.0
Carver_MN,27019,1.0
Howard_MO,29089,1.0
Grundy_IA,19075,1.0
Dallas_IA,19049,1.0
Mason_KY,21161,1.0
Hocking_OH,39073,1.0
Sibley_MN,27143,1.0
Jones_IA,19105,1.0
Pratt_KS,20151,1.0
Ravalli_MT,30081,1.0
Lauderdale_MS,28075,1.0
Lewis_NY,36049,1.0
Wilson_TX,48493,1.0
Madison_MO,29123,1.0
McDuffie_GA,13189,1.0
Morgan_MO,29141,1.0
Lac qui Parle_MN,27073,1.0
Mower_MN,27099,1.0
Pocahontas_IA,19151,1.0
St. Landry_LA,22097,1.0
Chisago_MN,27025,1.0
Todd_MN,27153,1.0
Smith_KS,20183,1.0
Brown_MN,27015,1.0
Falls_TX,48145,1.0
Chariton_MO,29041,1.0
Toombs_GA,13279,1.0
Chautauqua_KS,20019,1.0
Dubois_IN,18037,1.0
Louisa_IA,19115,1.0
Nicollet_MN,27103,1.0
Fayette_IA,19065,1.0
Pembina_ND,38067,1.0
Izard_AR,05065,1.0
Lamar_TX,48277,1.0
Marion_MS,28091,1.0
Hardy_WV,54031,1.0
Hickory_MO,29085,1.0
Moore_NC,37125,1.0
Duplin_NC,37061,1.0
Butts_GA,13035,1.0
Polk_OR,41053,1.0
Lewis_ID,16061,1.0
Graves_KY,21083,1.0
Scott_KS,20171,1.0
Lawrence_MO,29109,1.0
Marion_KS,20115,1.0
Allen_KS,20001,1.0
Adams_CO,08001,1.0
Gallatin_MT,30031,1.0
Pike_MS,28113,1.0
Worth_GA,13321,1.0
Seminole_GA,13253,1.0
Caldwell_KY,21033,1.0
Howard_NE,31093,1.0
Texas_MO,29215,1.0
Ohio_KY,21183,1.0
Cass_IA,19029,1.0
Madison_IA,19121,1.0
Mills_IA,19129,1.0
Washington_IA,19183,1.0
Jefferson_IA,19101,1.0
Wayne_IA,19185,1.0
Clarke_IA,19039,1.0
Guthrie_IA,19077,1.0
Yuma_AZ,04027,1.0
Sumter_GA,13261,1.0
Lauderdale_AL,01077,1.0
Lampasas_TX,48281,1.0
Franklin_IA,19069,1.0
Bremer_IA,19017,1.0
Floyd_IA,19067,1.0
Johnson_IA,19103,1.0
Allen_KY,21003,1.0
LaMoure_ND,38045,1.0
Lamb_TX,48279,1.0
Brazos_TX,48041,1.0
Freestone_TX,48161,1.0
Comanche_TX,48093,1.0
Leon_TX,48289,1.0
Hillsdale_MI,26059,1.0
Hall_NE,31079,1.0
Nacogdoches_TX,48347,1.0
Wayne_IL,17191,1.0
Orleans_VT,50019,1.0
Labette_KS,20099,1.0
Baltimore_MD,24005,1.0
Stearns_MN,27145,1.0
Grady_GA,13131,1.0
Douglas_MN,27041,1.0
Sumter_FL,12119,1.0
Perry_PA,42099,1.0
Wilbarger_TX,48487,1.0
Hunt_TX,48231,1.0
Big Stone_MN,27011,1.0
Bottineau_ND,38009,1.0
Franklin_VT,50011,1.0
St. Lawrence_NY,36089,1.0
Livingston_IL,17105,1.0
Tift_GA,13277,1.0
Fayette_TX,48149,1.0
Burleson_TX,48051,1.0
Chowan_NC,37041,1.0
Person_NC,37145,1.0
Jackson_FL,12063,1.0
Towner_ND,38095,1.0
Columbia_NY,36021,1.0
Bamberg_SC,45009,1.0
Lee_SC,45061,1.0
Pennington_MN,27113,1.0
Crawford_PA,42039,1.0
Waseca_MN,27161,1.0
Griggs_ND,38039,1.0
Cuming_NE,31039,1.0
Clay_KS,20027,1.0
Nance_NE,31125,1.0
Branch_MI,26023,1.0
Sullivan_IN,18153,1.0
Pipestone_MN,27117,1.0
Murray_MN,27101,1.0
Henry_IA,19087,1.0
Mifflin_PA,42087,1.0
Barnes_ND,38003,1.0
Bailey_TX,48017,1.0
Gove_KS,20063,1.0
Kingfisher_OK,40073,1.0
Jefferson_OR,41031,1.0
Custer_MT,30017,1.0
Knox_NE,31107,1.0
Pondera_MT,30073,1.0
Union_KY,21225,1.0
Page_IA,19145,1.0
White_IN,18181,1.0
Tipton_IN,18159,1.0
Hendricks_IN,18063,1.0
Carroll_IN,18015,1.0
Brooks_GA,13027,1.0
Mendocino_CA,06045,1.0
Colquitt_GA,13071,1.0
Washington_MN,27163,1.0
Mississippi_MO,29133,1.0
Hughes_SD,46065,1.0
Raleigh_WV,54081,1.0
Marshall_MS,28093,1.0
Huron_MI,26063,1.0
Custer_NE,31041,1.0
Hutchinson_SD,46067,1.0
Tripp_SD,46123,1.0
Manitowoc_WI,55071,1.0
Newberry_SC,45071,1.0
Richland_LA,22083,1.0
Pulaski_IN,18131,1.0
McLean_KY,21149,1.0
Stanly_NC,37167,1.0
Taylor_KY,21217,1.0
Clay_SD,46027,1.0
Red Willow_NE,31145,1.0
Clarke_VA,51043,1.0
Scotland_NC,37165,1.0
Logan_KY,21141,1.0
Craig_VA,51045,1.0
Clinton_OH,39027,1.0
Hyde_NC,37095,1.0
Currituck_NC,37053,1.0
Wilson_NC,37195,1.0
Pointe Coupee_LA,22077,1.0
Vermillion_IN,18165,1.0
Pike_IN,18125,1.0
Steuben_NY,36101,1.0
Dutchess_NY,36027,1.0
Lee_IL,17103,1.0
Union_SD,46127,1.0
Miami_IN,18103,1.0
Mercer_IL,17131,1.0
Sampson_NC,37163,1.0
Jones_NC,37103,1.0
Morrow_OH,39117,1.0
Culpeper_VA,51047,1.0
Thurston_NE,31173,1.0
Jefferson_ID,16051,1.0
Bingham_ID,16011,1.0
Elmore_ID,16039,1.0
Gooding_ID,16047,1.0
Shelby_MO,29205,1.0
Henry_OH,39069,1.0
Grayson_KY,21085,1.0
Webster_KY,21233,1.0
Larue_KY,21123,1.0
Marion_KY,21155,1.0
Columbia_PA,42037,1.0
Thomas_GA,13275,1.0
Clayton_IA,19043,1.0
Monona_IA,19133,1.0
Cumberland_VA,51049,1.0
Edgar_IL,17045,1.0
Saint Joseph_MI,26149,1.0
New Madrid_MO,29143,1.0
Union_IN,18161,1.0
McDonough_IL,17109,1.0
Davis_IA,19051,1.0
Trempealeau_WI,55121,1.0
Curry_NM,35009,1.0
Deschutes_OR,41017,1.0
Clay_MN,27027,1.0
Emmons_ND,38029,1.0
Dallas_MO,29059,1.0
Nodaway_MO,29147,1.0
Van Buren_IA,19177,1.0
DeWitt_TX,48123,1.0
Okeechobee_FL,12093,1.0
St. Lucie_FL,12111,1.0
Castro_TX,48069,1.0
Klickitat_WA,53039,1.0
Kewaunee_WI,55061,1.0
Martin_NC,37117,1.0
Lagrange_IN,18087,1.0
Isanti_MN,27059,1.0
Nez Perce_ID,16069,1.0
Red River_TX,48387,1.0
Hill_TX,48217,1.0
Webster_MO,29225,1.0
Pierce_ND,38069,1.0
Cumberland_NJ,34011,1.0
Coryell_TX,48099,1.0
Rush_IN,18139,1.0
Shelby_IA,19165,1.0
McCook_SD,46087,1.0
Laurens_GA,13175,1.0
Noble_OK,40103,1.0
Le Flore_OK,40079,1.0
Suwannee_FL,12121,1.0
Laclede_MO,29105,1.0
Wilkin_MN,27167,1.0
Winneshiek_IA,19191,1.0
Union_PA,42119,1.0
Karnes_TX,48255,1.0
Sherman_KS,20181,1.0
Butler_NE,31023,1.0
Douglas_NV,32005,1.0
Washington_IL,17189,1.0
Monroe_IL,17133,1.0
Randolph_IL,17157,1.0
Newton_IN,18111,1.0
Rice_MN,27131,1.0
Brown_OH,39015,1.0
Ware_GA,13299,1.0
Flathead_MT,30029,1.0
Conway_AR,05029,1.0
Coahoma_MS,28027,1.0
Noble_IN,18113,1.0
Kootenai_ID,16055,1.0
Breckinridge_KY,21027,1.0
Pemiscot_MO,29155,1.0
Dunklin_MO,29069,1.0
Teton_MT,30099,1.0
Washington_VT,50023,1.0
Bartholomew_IN,18005,1.0
Armstrong_PA,42005,1.0
Bedford_PA,42009,1.0
Cumberland_PA,42041,1.0
Chautauqua_NY,36013,1.0
Oconto_WI,55083,1.0
De Witt_IL,17039,1.0
Geneva_AL,01061,1.0
Hancock_IN,18059,1.0
Lenoir_NC,37107,1.0
Harrison_IA,19085,1.0
Clark_WI,55019,1.0
Burke_GA,13033,1.0
Clarendon_SC,45027,1.0
Dona Ana_NM,35013,1.0
Huntingdon_PA,42061,1.0
Chaves_NM,35005,1.0
Daviess_IN,18027,1.0
Benton_IN,18007,1.0
Lavaca_TX,48285,1.0
Dawson_TX,48115,1.0
Adair_IA,19001,1.0
Clark_IL,17023,1.0
Richland_MT,30083,1.0
Lewis_MO,29111,1.0
Garfield_WA,53023,1.0
Clark_MO,29045,1.0
Polk_NC,37149,1.0
Hardin_OH,39065,1.0
Wyandot_OH,39175,1.0
Logan_OH,39091,1.0
Polk_TX,48373,1.0
Dickenson_VA,51051,1.0
Newton_MO,29145,1.0
Imperial_CA,06025,1.0
Grant_WI,55043,1.0
Box Elder_UT,49003,1.0
San Benito_CA,06069,1.0
Knox_ME,23013,1.0
Lumpkin_GA,13187,1.0
Jefferson_KS,20087,1.0
White_TN,47185,1.0
Stafford_KS,20185,1.0
Clark_KY,21049,1.0
St. Mary's_MD,24037,1.0
St. Clair_MO,29185,1.0
Jasper_IA,19099,1.0
Lawrence_AL,01079,1.0
Wadena_MN,27159,1.0
Collier_FL,12021,1.0
Terrell_GA,13273,1.0
Essex_VA,51057,1.0
Jefferson_NE,31095,1.0
Crenshaw_AL,01041,1.0
Robertson_TX,48395,1.0
Hancock_IA,19081,1.0
Clay_IA,19041,1.0
Deuel_NE,31049,1.0
Crawford_KS,20037,1.0
Fairfax_VA,51059,1.0
Harnett_NC,37085,1.0
Butler_KS,20015,1.0
Taylor_WI,55119,1.0
Medina_TX,48325,1.0
Mercer_OH,39107,1.0
Saluda_SC,45081,1.0
Scott_MO,29201,1.0
Moniteau_MO,29135,1.0
Pulaski_MO,29169,1.0
Scotland_MO,29199,1.0
Andrew_MO,29003,1.0
St. Francois_MO,29187,1.0
Dade_MO,29057,1.0
Shannon_MO,29203,1.0
Montgomery_MO,29139,1.0
Jefferson_IL,17081,1.0
Dickinson_KS,20041,1.0
Lafayette_MO,29107,1.0
Jewell_KS,20089,1.0
Osborne_KS,20141,1.0
Neosho_KS,20133,1.0
Osceola_MI,26133,1.0
Sanpete_UT,49039,1.0
Warren_TN,47177,1.0
Hale_AL,01065,1.0
Madison_ID,16065,1.0
Cherokee_TX,48073,1.0
Marshall_IA,19127,1.0
Iowa_IA,19095,1.0
Rock_MN,27133,1.0
Lake_CA,06033,1.0
Marshall_IN,18099,1.0
Orange_VT,50017,1.0
Walsh_ND,38099,1.0
Caledonia_VT,50005,1.0
Roseau_MN,27135,1.0
DeSoto_LA,22031,1.0
White_AR,05145,1.0
Clinch_GA,13065,1.0
Ottawa_OK,40115,1.0
Morgan_KY,21175,1.0
Okanogan_WA,53047,1.0
Vance_NC,37181,1.0
Lake_MT,30047,1.0
Pottawatomie_KS,20149,1.0
Gates_NC,37073,1.0
Piatt_IL,17147,1.0
Pierce_GA,13229,1.0
Meade_KS,20119,1.0
Mountrail_ND,38061,1.0
Poinsett_AR,05111,1.0
Gibson_IN,18051,1.0
Kingsbury_SD,46077,1.0
Schuyler_IL,17169,1.0
Brown_IL,17009,1.0
Pike_IL,17149,1.0
Adams_IL,17001,1.0
Washington_IN,18175,1.0
Humboldt_IA,19091,1.0
Latah_ID,16057,1.0
Clinton_MO,29049,1.0
Butler_AL,01013,1.0
Nevada_AR,05099,1.0
Fauquier_VA,51061,1.0
Red Lake_MN,27125,1.0
Sonoma_CA,06097,1.0
Moody_SD,46101,1.0
Rock_NE,31149,1.0
Floyd_VA,51063,1.0
Otero_CO,08089,1.0
Alamosa_CO,08003,1.0
Pender_NC,37141,1.0
Fluvanna_VA,51065,1.0
Lawrence_PA,42073,1.0
Franklin_VA,51067,1.0
Greene_AR,05055,1.0
Noxubee_MS,28103,1.0
Leflore_MS,28083,1.0
Lee_AR,05077,1.0
Hood_TX,48221,1.0
Lapeer_MI,26087,1.0
Bowman_ND,38011,1.0
Covington_MS,28031,1.0
Greenwood_KS,20073,1.0
Grady_OK,40051,1.0
Archer_TX,48009,1.0
Scotts Bluff_NE,31157,1.0
Park_WY,56029,1.0
Bannock_ID,16005,1.0
Cavalier_ND,38019,1.0
Power_ID,16077,1.0
Box Butte_NE,31013,1.0
Roger Mills_OK,40129,1.0
Marion_IA,19125,1.0
Madison_AR,05087,1.0
Renville_MN,27129,1.0
Salem_NJ,34033,1.0
Stoddard_MO,29207,1.0
Jackson_IL,17077,1.0
Greenbrier_WV,54025,1.0
Bath_KY,21011,1.0
Frederick_VA,51069,1.0
Jessamine_KY,21113,1.0
Henry_KY,21103,1.0
Trigg_KY,21221,1.0
Perquimans_NC,37143,1.0
Surry_NC,37171,1.0
Miller_GA,13201,1.0
Casey_KY,21045,1.0
Todd_KY,21219,1.0
Crisp_GA,13081,1.0
Barren_KY,21009,1.0
Caroline_MD,24011,1.0
Gilchrist_FL,12041,1.0
Kossuth_IA,19109,1.0
Winnebago_IA,19189,1.0
Emmet_IA,19063,1.0
Menominee_MI,26109,1.0
Cole_MO,29051,1.0
Giles_VA,51071,1.0
Millard_UT,49027,1.0
Gloucester_VA,51073,1.0
Worth_MO,29227,1.0
Gentry_MO,29075,1.0
Platte_MO,29165,1.0
Washburn_WI,55129,1.0
Flagler_FL,12035,1.0
Tama_IA,19171,1.0
Taylor_IA,19173,1.0
Haywood_TN,47075,1.0
Luna_NM,35029,1.0
Turner_GA,13287,1.0
Madison_KY,21151,1.0
East Feliciana_LA,22037,1.0
Anson_NC,37007,1.0
Montgomery_NY,36057,1.0
Belmont_OH,39013,1.0
Sumner_KS,20191,1.0
Chaffee_CO,08015,1.0
Dodge_WI,55027,1.0
Stevens_KS,20189,1.0
Gray_KS,20069,1.0
Fannin_TX,48147,1.0
Goochland_VA,51075,1.0
Franklin_WA,53021,1.0
Addison_VT,50001,1.0
Wayne_KY,21231,1.0
Adair_KY,21001,1.0
Russell_KY,21207,1.0
Monroe_KY,21171,1.0
Jefferson_FL,12065,1.0
Clinton_PA,42035,1.0
Glades_FL,12043,1.0
Norman_MN,27107,1.0
Becker_MN,27005,1.0
Mahnomen_MN,27087,1.0
Fulton_IL,17057,1.0
Knox_IL,17095,1.0
Arkansas_AR,05001,1.0
Hill_MT,30041,1.0
Wharton_TX,48481,1.0
Parmer_TX,48369,1.0
San Francisco_CA,06075,1.0
Grayson_VA,51077,1.0
Cedar_NE,31027,1.0
St. Martin_LA,22099,1.0
Irwin_GA,13155,1.0
Owyhee_ID,16073,1.0
Taos_NM,35055,1.0
Madison_TN,47113,1.0
Morgan_IL,17137,1.0
Webster_LA,22119,1.0
Kosciusko_IN,18085,1.0
Edgecombe_NC,37065,1.0
Waushara_WI,55137,1.0
Calhoun_GA,13037,1.0
Citrus_FL,12017,1.0
Knox_OH,39083,1.0
Tunica_MS,28143,1.0
Manistee_MI,26101,1.0
Stark_IL,17175,1.0
Desha_AR,05041,1.0
Calhoun_MS,28013,1.0
Silver Bow_MT,30093,1.0
Washington_MS,28151,1.0
Charlotte_FL,12015,1.0
Van Buren_MI,26159,1.0
Clarke_MS,28023,1.0
Sheridan_NE,31161,1.0
Jefferson_WA,53031,1.0
Henry_GA,13151,1.0
Penobscot_ME,23019,1.0
Greene_VA,51079,1.0
Crockett_TN,47033,1.0
Waupaca_WI,55135,1.0
Summit_UT,49043,1.0
Dyer_TN,47045,1.0
Athens_OH,39009,1.0
Kendall_TX,48259,1.0
Mariposa_CA,06043,1.0
Suffolk_MA,25025,1.0
Jones_TX,48253,1.0
Douglas_CO,08035,1.0
Columbia_GA,13073,1.0
Greensville_VA,51081,1.0
Whitman_WA,53075,1.0
Kennebec_ME,23011,1.0
Cherokee_NC,37039,1.0
Nevada_CA,06057,1.0
Whiteside_IL,17195,1.0
Missoula_MT,30063,1.0
Clearwater_MN,27029,1.0
Wolfe_KY,21237,1.0
Grand Traverse_MI,26055,1.0
Halifax_VA,51083,1.0
Tippecanoe_IN,18157,1.0
Boise_ID,16015,1.0
Clinton_IL,17027,1.0
Wilcox_GA,13315,1.0
Coos_NH,33007,1.0
Windsor_VT,50027,1.0
Juab_UT,49023,1.0
Saguache_CO,08109,1.0
Bronx_NY,36005,1.0
Santa Fe_NM,35049,1.0
Klamath_OR,41035,1.0
Bledsoe_TN,47007,1.0
Palo Pinto_TX,48363,1.0
Golden Valley_MT,30037,1.0
Greene_MO,29077,1.0
Windham_VT,50025,1.0
Liberty_TX,48291,1.0
Converse_WY,56009,1.0
Perry_TN,47135,1.0
Boone_IA,19015,1.0
Pottawatomie_OK,40125,1.0
Ouray_CO,08091,1.0
Sullivan_NY,36105,1.0
Grand_UT,49019,1.0
Bonner_ID,16017,1.0
Smith_TN,47159,1.0
Uvalde_TX,48463,1.0
Pepin_WI,55091,1.0
Coconino_AZ,04005,1.0
Washakie_WY,56043,1.0
Rensselaer_NY,36083,1.0
Lake of the Woods_MN,27077,1.0
Talbot_MD,24041,1.0
Cheshire_NH,33005,1.0
McDowell_NC,37111,1.0
Calhoun_AL,01015,1.0
Prowers_CO,08099,1.0
Greene_NY,36039,1.0
Anderson_KY,21005,1.0
Greene_NC,37079,1.0
Oneida_WI,55085,1.0
McPherson_KS,20113,1.0
Ellis_KS,20051,1.0
Putnam_NY,36079,1.0
Barnstable_MA,25001,1.0
Buncombe_NC,37021,1.0
Nelson_KY,21179,1.0
Bond_IL,17005,1.0
Humboldt_NV,32013,1.0
Ripley_IN,18137,1.0
Otsego_NY,36077,1.0
Richmond_NY,36085,1.0
Wasatch_UT,49051,1.0
Otoe_NE,31131,1.0
Bolivar_MS,28011,1.0
Laurens_SC,45059,1.0
Clay_FL,12019,1.0
Fleming_KY,21069,1.0
Sedgwick_CO,08115,1.0
Saline_NE,31151,1.0
Hanover_VA,51085,1.0
Grafton_NH,33009,1.0
Henrico_VA,51087,1.0
Schuyler_NY,36097,1.0
Ulster_NY,36111,1.0
Independent_DC,11001,1.0
Geary_KS,20061,1.0
Pierce_WI,55093,1.0
Morgan_WV,54065,1.0
Barrow_GA,13013,1.0
Pleasants_WV,54073,1.0
Henry_VA,51089,1.0
Sac_IA,19161,1.0
Merrimack_NH,33013,1.0
Gasconade_MO,29073,1.0
Kerr_TX,48265,1.0
Watauga_NC,37189,1.0
Fairfield_SC,45039,1.0
Dixon_NE,31051,1.0
Lee_NC,37105,1.0
Oconee_GA,13219,1.0
Madison_OH,39097,1.0
Washington_ME,23029,1.0
Sumner_TN,47165,1.0
Davie_NC,37059,1.0
Highland_VA,51091,1.0
Cumberland_TN,47035,1.0
St. Clair_AL,01115,1.0
Fulton_NY,36035,1.0
Crawford_MO,29055,1.0
Lincoln_TN,47103,1.0
Warren_PA,42123,1.0
Plaquemines_LA,22075,1.0
Comal_TX,48091,1.0
Maury_TN,47119,1.0
Strafford_NH,33017,1.0
Rutherford_NC,37161,1.0
San Miguel_NM,35047,1.0
Lincoln_KY,21137,1.0
Cullman_AL,01043,1.0
Peach_GA,13225,1.0
Itawamba_MS,28057,1.0
Canadian_OK,40017,1.0
Cass_MO,29037,1.0
Callaway_MO,29027,1.0
Carroll_GA,13045,1.0
Pickett_TN,47137,1.0
Oceana_MI,26127,1.0
Fairfield_OH,39045,1.0
Putnam_WV,54079,1.0
Pontotoc_OK,40123,1.0
Berrien_MI,26021,1.0
Miami_KS,20121,1.0
Livingston_LA,22063,1.0
Huntington_IN,18069,1.0
Kent_DE,10001,1.0
Baker_FL,12003,1.0
Lonoke_AR,05085,1.0
Clay_IL,17025,1.0
Coffee_AL,01031,1.0
Union_GA,13291,1.0
Lamoille_VT,50015,1.0
Marshall_TN,47117,1.0
Campbell_KY,21037,1.0
McClain_OK,40087,1.0
Montrose_CO,08085,1.0
Lyon_NV,32019,1.0
Lake_MN,27075,1.0
Pulaski_GA,13235,1.0
Highland_OH,39071,1.0
Kalkaska_MI,26079,1.0
Hamlin_SD,46057,1.0
Crow Wing_MN,27035,1.0
Taylor_WV,54091,1.0
Tallapoosa_AL,01123,1.0
Hamilton_IL,17065,1.0
Carroll_OH,39019,1.0
Summit_CO,08117,1.0
Crawford_MI,26039,1.0
Lancaster_SC,45057,1.0
Independent Cities_VA,51800,0.2
Independent Cities_VA,51810,0.2
Independent Cities_VA,51820,0.2
Independent Cities_VA,51830,0.2
Independent Cities_VA,51840,0.2
Troup_GA,13285,1.0
Hawkins_TN,47073,1.0
Pasco_FL,12101,1.0
Hopkins_TX,48223,1.0
Cochran_TX,48079,1.0
Richmond_NC,37153,1.0
Miller_AR,05091,1.0
Fremont_CO,08043,1.0
Morgan_GA,13211,1.0
Benton_MN,27009,1.0
Jackson_MI,26075,1.0
Eaton_MI,26045,1.0
Camden_GA,13039,1.0
Jefferson Davis_LA,22053,1.0
Macon_TN,47111,1.0
Kitsap_WA,53035,1.0
Woodford_KY,21239,1.0
Natchitoches_LA,22069,1.0
McCracken_KY,21145,1.0
Wabasha_MN,27157,1.0
Cortland_NY,36023,1.0
Island_WA,53029,1.0
Cleburne_AR,05023,1.0
Franklin_KY,21073,1.0
Sevier_UT,49041,1.0
Uinta_WY,56041,1.0
Huerfano_CO,08055,1.0
Isle of Wight_VA,51093,1.0
Coweta_GA,13077,1.0
Prairie_MT,30079,1.0
Fannin_GA,13111,1.0
Pitkin_CO,08097,1.0
DeKalb_TN,47041,1.0
Meade_SD,46093,1.0
James City_VA,51095,1.0
Hancock_ME,23009,1.0
Hart_GA,13147,1.0
Laurel_KY,21125,1.0
Granville_NC,37077,1.0
Ottawa_OH,39123,1.0
Hubbard_MN,27057,1.0
Clallam_WA,53009,1.0
Los Angeles_Ca,06037,1.0
Marshall_KS,20117,1.0
Green Lake_WI,55047,1.0
Holmes_OH,39075,1.0
Lincoln_OR,41041,1.0
Searcy_AR,05129,1.0
Tioga_NY,36107,1.0
Caswell_NC,37033,1.0
Van Zandt_TX,48467,1.0
Tishomingo_MS,28141,1.0
Williams_ND,38105,1.0
Marion_SC,45067,1.0
Lafayette_WI,55065,1.0
Greenwood_SC,45047,1.0
Bullock_AL,01011,1.0
Emanuel_GA,13107,1.0
Essex_VT,50009,1.0
Jones_GA,13169,1.0
Roscommon_MI,26143,1.0
Terrebonne_LA,22109,1.0
Colfax_NM,35007,1.0
Gilmer_GA,13123,1.0
Panola_MS,28107,1.0
Meriwether_GA,13199,1.0
Chelan_WA,53007,1.0
Cook_MN,27031,1.0
Howard_IN,18067,1.0
Jackson_AL,01071,1.0
Shasta_CA,06089,1.0
Decatur_TN,47039,1.0
Hood River_OR,41027,1.0
Stephens_GA,13257,1.0
King & Queen_VA,51097,1.0
Jefferson_NY,36045,1.0
Faulkner_AR,05045,1.0
Habersham_GA,13137,1.0
Murray_OK,40099,1.0
Okaloosa_FL,12091,1.0
Leon_FL,12073,1.0
Garfield_UT,49017,1.0
Tom Green_TX,48451,1.0
Oglethorpe_GA,13221,1.0
Grainger_TN,47057,1.0
Sharp_AR,05135,1.0
Jefferson_IN,18077,1.0
Madison_NY,36053,1.0
Calhoun_FL,12013,1.0
Portage_WI,55097,1.0
Carter_OK,40019,1.0
Wise_TX,48497,1.0
Montgomery_NC,37123,1.0
Jackson_LA,22049,1.0
Indiana_PA,42063,1.0
Randolph_WV,54083,1.0
Wilkinson_GA,13319,1.0
Sequoyah_OK,40135,1.0
Campbell_TN,47013,1.0
Walton_FL,12131,1.0
Lincoln_NM,35027,1.0
King George_VA,51099,1.0
Baldwin_GA,13009,1.0
Sagadahoc_ME,23023,1.0
Grant_AR,05053,1.0
Belknap_NH,33001,1.0
Bedford_TN,47003,1.0
King William_VA,51101,1.0
Blount_AL,01009,1.0
Ouachita_AR,05103,1.0
Vinton_OH,39163,1.0
Mahaska_IA,19123,1.0
Walker_AL,01127,1.0
Johnston_OK,40069,1.0
Union_IL,17181,1.0
Lancaster_VA,51103,1.0
Hampshire_WV,54027,1.0
Muhlenberg_KY,21177,1.0
Alpena_MI,26007,1.0
Williamson_IL,17199,1.0
Calhoun_AR,05013,1.0
Jackson_TN,47087,1.0
Amador_CA,06005,1.0
Deuel_SD,46039,1.0
Houston_TX,48225,1.0
Carbon_PA,42025,1.0
Ashland_WI,55003,1.0
Mercer_WV,54055,1.0
Jackson_WV,54035,1.0
Vernon_MO,29217,1.0
Riley_KS,20161,1.0
Reeves_TX,48389,1.0
Sequatchie_TN,47153,1.0
Taylor_GA,13269,1.0
Adams_MS,28001,1.0
Polk_AR,05113,1.0
Natrona_WY,56025,1.0
Butler_KY,21031,1.0
Lee_VA,51105,1.0
Sauk_WI,55111,1.0
Seminole_OK,40133,1.0
Clarion_PA,42031,1.0
Tompkins_NY,36109,1.0
Liberty_MT,30051,1.0
Clark_KS,20025,1.0
Rio Arriba_NM,35039,1.0
Loudoun_VA,51107,1.0
Curry_OR,41015,1.0
Pershing_NV,32027,1.0
Wilkinson_MS,28157,1.0
Carteret_NC,37031,1.0
Pittsburg_OK,40121,1.0
Cameron_LA,22023,1.0
Ochiltree_TX,48357,1.0
Churchill_NV,32001,1.0
Otsego_MI,26137,1.0
Cass_MI,26027,1.0
Cayuga_NY,36011,1.0
Tillamook_OR,41057,1.0
Wyoming_PA,42131,1.0
Washington_OK,40147,1.0
Cambria_PA,42021,1.0
Bienville_LA,22013,1.0
Wayne_MS,28153,1.0
Ohio_IN,18115,1.0
Craig_OK,40035,1.0
Lawrence_SD,46081,1.0
Allegany_NY,36003,1.0
Garvin_OK,40049,1.0
Susquehanna_PA,42115,1.0
Wakulla_FL,12129,1.0
Wilson_KS,20205,1.0
Paulding_OH,39125,1.0
Real_TX,48385,1.0
Shelby_TX,48419,1.0
Hardin_TX,48199,1.0
Essex_NY,36031,1.0
Atkinson_GA,13003,1.0
Jim Wells_TX,48249,1.0
Jasper_TX,48241,1.0
Dooly_GA,13093,1.0
Barry_MO,29009,1.0
Cibola_NM,35006,1.0
Warren_IN,18171,1.0
Scott_KY,21209,1.0
Hot Spring_AR,05059,1.0
Schoharie_NY,36095,1.0
Lycoming_PA,42081,1.0
Montgomery_MS,28097,1.0
Jackson_AR,05067,1.0
Benton_TN,47005,1.0
Attala_MS,28007,1.0
Delta_MI,26041,1.0
Stone_MS,28131,1.0
San Jacinto_TX,48407,1.0
Dawson_GA,13085,1.0
Brown_NE,31017,1.0
Dade_GA,13083,1.0
Pope_AR,05115,1.0
Calhoun_SC,45017,1.0
Washington_ID,16087,1.0
Montcalm_MI,26117,1.0
Sheridan_ND,38083,1.0
Macoupin_IL,17117,1.0
Garrard_KY,21079,1.0
Whitley_KY,21235,1.0
Kimball_NE,31105,1.0
Camden_MO,29029,1.0
Ogemaw_MI,26129,1.0
Jasper_GA,13159,1.0
Delta_CO,08029,1.0
Letcher_KY,21133,1.0
Gogebic_MI,26053,1.0
Lawrence_IN,18093,1.0
Cheyenne_NE,31033,1.0
Brown_IN,18013,1.0
Johnson_GA,13167,1.0
Norton_KS,20137,1.0
Bibb_AL,01007,1.0
Pasquotank_NC,37139,1.0
Elko_NV,32007,1.0
Bristol_RI,44001,1.0
Juneau_AK,02110,1.0
Bandera_TX,48019,1.0
Lamar_AL,01075,1.0
Louisa_VA,51109,1.0
Cloud_KS,20029,1.0
Lunenburg_VA,51111,1.0
Harlan_NE,31083,1.0
Jasper_MS,28061,1.0
Kenai Peninsula_AK,02122,1.0
Young_TX,48503,1.0
Washington_LA,22117,1.0
Marion_WV,54049,1.0
Langlade_WI,55067,1.0
Hopkins_KY,21107,1.0
Aransas_TX,48007,1.0
Franklin_ID,16041,1.0
Monroe_FL,12087,1.0
Franklin_IN,18047,1.0
Barron_WI,55005,1.0
Paulding_GA,13223,1.0
DeKalb_AL,01049,1.0
Madison_VA,51113,1.0
Jennings_IN,18079,1.0
Dillon_SC,45033,1.0
Lafayette_MS,28071,1.0
Cheatham_TN,47021,1.0
Chilton_AL,01021,1.0
Shoshone_ID,16079,1.0
LaSalle_LA,22059,1.0
Wabash_IL,17185,1.0
Bollinger_MO,29017,1.0
Fountain_IN,18045,1.0
Napa_CA,06055,1.0
Montgomery_KY,21173,1.0
Barnwell_SC,45011,1.0
Winston_AL,01133,1.0
Floyd_KY,21071,1.0
Henry_AL,01067,1.0
Franklin_AL,01059,1.0
Chesterfield_SC,45025,1.0
Calvert_MD,24009,1.0
Cleburne_AL,01029,1.0
Cass_NE,31025,1.0
Heard_GA,13149,1.0
Cheyenne_KS,20023,1.0
Wyoming_WV,54109,1.0
Asotin_WA,53003,1.0
Baraga_MI,26013,1.0
Cape May_NJ,34009,1.0
Bacon_GA,13005,1.0
Hampton_SC,45049,1.0
Pike_GA,13231,1.0
Switzerland_IN,18155,1.0
Calumet_WI,55015,1.0
Beckham_OK,40009,1.0
Haralson_GA,13143,1.0
Amite_MS,28005,1.0
Wallowa_OR,41063,1.0
Missaukee_MI,26113,1.0
Elbert_GA,13105,1.0
Cannon_TN,47015,1.0
Menard_IL,17129,1.0
Crook_OR,41013,1.0
Randolph_AL,01111,1.0
McPherson_SD,46089,1.0
Greeley_NE,31077,1.0
Bryan_OK,40013,1.0
Lincoln_AR,05079,1.0
Monroe_AL,01099,1.0
Holmes_MS,28051,1.0
Rusk_WI,55107,1.0
Hancock_KY,21091,1.0
Perry_AL,01105,1.0
Tallahatchie_MS,28135,1.0
Perry_MS,28111,1.0
Alger_MI,26003,1.0
Oswego_NY,36075,1.0
Grenada_MS,28043,1.0
Benton_OR,41003,1.0
Taylor_FL,12123,1.0
Price_WI,55099,1.0
West Feliciana_LA,22125,1.0
Schoolcraft_MI,26153,1.0
McKinley_NM,35031,1.0
Crawford_OH,39033,1.0
Bates_MO,29013,1.0
Early_GA,13099,1.0
Autauga_AL,01001,1.0
McCurtain_OK,40089,1.0
Jefferson_WV,54037,1.0
Lawrence_TN,47099,1.0
Morton_ND,38059,1.0
Stark_ND,38089,1.0
Osage_OK,40113,1.0
Stone_AR,05137,1.0
Cascade_MT,30013,1.0
Andrews_TX,48003,1.0
Montague_TX,48337,1.0
Fallon_MT,30025,1.0
Eastland_TX,48133,1.0
Wheeler_TX,48483,1.0
Camp_TX,48063,1.0
Barber_KS,20007,1.0
Pecos_TX,48371,1.0
Winkler_TX,48495,1.0
Duval_TX,48131,1.0
Bell_KY,21013,1.0
Ness_KS,20135,1.0
Gilmer_WV,54021,1.0
Duchesne_UT,49013,1.0
North Slope_AK,02185,1.0
Union_NM,35059,1.0
Valdez Cordova_AK,02261,1.0
Dunn_ND,38025,1.0
Sutter_CA,06101,1.0
Ohio_WV,54069,1.0
Carbon_WY,56007,1.0
Stephens_TX,48429,1.0
Shackelford_TX,48417,1.0
Ward_TX,48475,1.0
Sterling_TX,48431,1.0
Terry_TX,48445,1.0
Live Oak_TX,48297,1.0
Lawrence_IL,17101,1.0
Coke_TX,48081,1.0
Weston_WY,56045,1.0
Alexander_IL,17003,1.0
Boyle_KY,21021,1.0
Webb_TX,48479,1.0
Columbia_FL,12023,1.0
Lyon_KS,20111,1.0
Alcorn_MS,28003,1.0
Kiowa_OK,40075,1.0
Clay_NC,37043,1.0
Henderson_TN,47077,1.0
Claiborne_TN,47025,1.0
Scott_MS,28123,1.0
Cooper_MO,29053,1.0
Orange_IN,18117,1.0
Upshur_WV,54097,1.0
Big Horn_MT,30003,1.0
Chambers_AL,01017,1.0
Routt_CO,08107,1.0
Lauderdale_TN,47097,1.0
Choctaw_OK,40023,1.0
Macon_AL,01087,1.0
Henry_TN,47079,1.0
Leake_MS,28079,1.0
Atascosa_TX,48013,1.0
White Pine_NV,32033,1.0
Estill_KY,21065,1.0
Livingston_KY,21139,1.0
Baxter_AR,05005,1.0
Marshall_WV,54051,1.0
Jasper_SC,45053,1.0
Logan_OK,40083,1.0
Iron_WI,55051,1.0
Bullitt_KY,21029,1.0
Pendleton_KY,21191,1.0
Lyon_KY,21143,1.0
Avery_NC,37011,1.0
Johnson_TN,47091,1.0
Scott_TN,47151,1.0
Perry_KY,21193,1.0
Pike_KY,21195,1.0
Wasco_OR,41065,1.0
Pacific_WA,53049,1.0
Lewis_WA,53041,1.0
Fulton_PA,42057,1.0
Carroll_NH,33003,1.0
Piscataquis_ME,23021,1.0
McNairy_TN,47109,1.0
Roane_TN,47145,1.0
Crittenden_KY,21055,1.0
Perry_OH,39127,1.0
Gallia_OH,39053,1.0
Ramsey_ND,38071,1.0
Idaho_ID,16049,1.0
Valley_ID,16085,1.0
Barton_KS,20009,1.0
Wayne_PA,42127,1.0
Mathews_VA,51115,1.0
Tate_MS,28137,1.0
Clark_AR,05019,1.0
Greene_AL,01063,1.0
Madison_LA,22065,1.0
Perry_IL,17145,1.0
Franklin_IL,17055,1.0
Charles_MD,24017,1.0
Jefferson_MT,30043,1.0
Dare_NC,37055,1.0
Cumberland_KY,21057,1.0
Newaygo_MI,26123,1.0
Greene_PA,42059,1.0
Mingo_WV,54059,1.0
Boone_WV,54005,1.0
Caldwell_TX,48055,1.0
Brooke_WV,54009,1.0
Lamar_MS,28073,1.0
Putnam_TN,47141,1.0
Bennington_VT,50003,1.0
Pawnee_NE,31133,1.0
Nemaha_KS,20131,1.0
Morgan_CO,08087,1.0
Russell_KS,20167,1.0
Warren_IL,17187,1.0
Blaine_OK,40011,1.0
Mecklenburg_VA,51117,1.0
Buffalo_WI,55011,1.0
Kit Carson_CO,08063,1.0
Carter_KY,21043,1.0
Pine_MN,27115,1.0
Atchison_MO,29005,1.0
Furnas_NE,31065,1.0
Wayne_MO,29223,1.0
Glenn_CA,06021,1.0
Audubon_IA,19009,1.0
Hancock_IL,17067,1.0
Presidio_TX,48377,1.0
Colusa_CA,06011,1.0
Yankton_SD,46135,1.0
Wheeler_NE,31183,1.0
Bastrop_TX,48021,1.0
Pawnee_KS,20145,1.0
Middlesex_VA,51119,1.0
Iowa_WI,55049,1.0
Atchison_KS,20005,1.0
Erath_TX,48143,1.0
Herkimer_NY,36043,1.0
Thayer_NE,31169,1.0
Carroll_AR,05015,1.0
Callahan_TX,48059,1.0
Texas_OK,40139,1.0
Lee_TX,48287,1.0
Scott_AR,05127,1.0
Logan_AR,05083,1.0
Douglas_SD,46043,1.0
Potter_SD,46107,1.0
Beaver_UT,49001,1.0
Bee_TX,48025,1.0
Tioga_PA,42117,1.0
Adams_OH,39001,1.0
Woodward_OK,40153,1.0
Woods_OK,40151,1.0
Screven_GA,13251,1.0
Avoyelles_LA,22009,1.0
St. Helena_LA,22091,1.0
Hand_SD,46059,1.0
Cherokee_OK,40021,1.0
Comanche_KS,20033,1.0
Kingman_KS,20095,1.0
Ralls_MO,29173,1.0
Grant_OK,40053,1.0
Jackson_WI,55053,1.0
Franklin_NY,36033,1.0
Eddy_ND,38027,1.0
Bradford_FL,12007,1.0
Washington_CO,08121,1.0
Kanabec_MN,27065,1.0
Sherman_TX,48421,1.0
Jefferson_GA,13163,1.0
Gallatin_IL,17059,1.0
Lane_KS,20101,1.0
Douglas_MO,29067,1.0
Union_FL,12125,1.0
Oregon_MO,29149,1.0
George_MS,28039,1.0
Johnson_KY,21115,1.0
Grant_NM,35017,1.0
Yell_AR,05149,1.0
Jackson_KS,20085,1.0
Monroe_MO,29137,1.0
Snyder_PA,42109,1.0
Cotton_OK,40033,1.0
Cass_IL,17017,1.0
Clay_TX,48077,1.0
Menard_TX,48327,1.0
Haskell_OK,40061,1.0
Montgomery_IL,17135,1.0
Dickey_ND,38021,1.0
Oliver_ND,38065,1.0
La Paz_AZ,04012,1.0
Banks_GA,13011,1.0
Parke_IN,18121,1.0
Mercer_KY,21167,1.0
Ste. Genevieve_MO,29186,1.0
DeKalb_MO,29063,1.0
Hamilton_TX,48193,1.0
Bosque_TX,48035,1.0
Elk_KS,20049,1.0
Towns_GA,13281,1.0
Rawlins_KS,20153,1.0
Stokes_NC,37169,1.0
Jasper_IL,17079,1.0
Daviess_MO,29061,1.0
Bladen_NC,37017,1.0
Brantley_GA,13025,1.0
Brown_KS,20013,1.0
Knox_MO,29103,1.0
Neshoba_MS,28099,1.0
Butte_SD,46019,1.0
Newton_MS,28101,1.0
Sitka_AK,02220,1.0
Washington_KS,20201,1.0
Pickens_AL,01107,1.0
Chippewa_MI,26033,1.0
Howard_AR,05061,1.0
Bennett_SD,46007,1.0
McDonald_MO,29119,1.0
Cedar_MO,29039,1.0
Phillips_MT,30071,1.0
Bent_CO,08011,1.0
Alexander_NC,37003,1.0
Yates_NY,36123,1.0
Marshall_OK,40095,1.0
Copiah_MS,28029,1.0
Siskiyou_CA,06093,1.0
San Saba_TX,48411,1.0
Monroe_IA,19135,1.0
Moffat_CO,08081,1.0
Hartley_TX,48205,1.0
Madison_TX,48313,1.0
Bracken_KY,21023,1.0
Pawnee_OK,40117,1.0
Green_KY,21087,1.0
Edmonson_KY,21061,1.0
Wayne_NE,31179,1.0
Cowley_KS,20035,1.0
Tyler_TX,48457,1.0
Simpson_MS,28127,1.0
Johnson_AR,05071,1.0
Doniphan_KS,20043,1.0
Wallace_KS,20199,1.0
Preston_WV,54077,1.0
Bear Lake_ID,16007,1.0
Chickasaw_MS,28017,1.0
Leavenworth_KS,20103,1.0
Morris_KS,20127,1.0
Jeff Davis_TX,48243,1.0
Woodson_KS,20207,1.0
Shawano_WI,55115,1.0
Fremont_IA,19071,1.0
Jefferson_TN,47089,1.0
McHenry_ND,38049,1.0
Ransom_ND,38073,1.0
Hardeman_TN,47069,1.0
Cumberland_IL,17035,1.0
Greer_OK,40055,1.0
Wells_ND,38103,1.0
Chouteau_MT,30015,1.0
Lamar_GA,13171,1.0
Thomas_KS,20193,1.0
Washington_FL,12133,1.0
Roosevelt_NM,35041,1.0
Wabaunsee_KS,20197,1.0
Ward_ND,38101,1.0
Baker_GA,13007,1.0
Pulaski_IL,17153,1.0
Valencia_NM,35061,1.0
Montgomery_VA,51121,1.0
Cross_AR,05037,1.0
Aitkin_MN,27001,1.0
Beaverhead_MT,30001,1.0
Clay_AR,05021,1.0
Monroe_AR,05095,1.0
Stutsman_ND,38093,1.0
Teller_CO,08119,1.0
Clear Creek_CO,08019,1.0
Walworth_SD,46129,1.0
Bayfield_WI,55007,1.0
Tipton_TN,47167,1.0
Baca_CO,08009,1.0
Coos_OR,41011,1.0
Cheboygan_MI,26031,1.0
Storey_NV,32029,1.0
Iosco_MI,26069,1.0
Ketchikan Gateway_AK,02130,1.0
Overton_TN,47133,1.0
Carbon_MT,30009,1.0
Madison_MT,30057,1.0
Mackinac_MI,26097,1.0
Nelson_VA,51125,1.0
Granite_MT,30039,1.0
Grand Isle_VT,50013,1.0
Traill_ND,38097,1.0
Big Horn_WY,56003,1.0
Charlevoix_MI,26029,1.0
Leelanau_MI,26089,1.0
DeSoto_FL,12027,1.0
Kittitas_WA,53037,1.0
Yalobusha_MS,28161,1.0
Iron_MI,26071,1.0
Elmore_AL,01051,1.0
Jeff Davis_GA,13161,1.0
Red River_LA,22081,1.0
Florence_WI,55037,1.0
Fayette_AL,01057,1.0
Macon_NC,37113,1.0
Roane_WV,54087,1.0
Arenac_MI,26011,1.0
Marion_TX,48315,1.0
Grand_CO,08049,1.0
Platte_WY,56031,1.0
Marion_IL,17121,1.0
Zavala_TX,48507,1.0
Merced_CA,06047,1.0
Fisher_TX,48151,1.0
Harris_GA,13145,1.0
Tattnall_GA,13267,1.0
New Kent_VA,51127,1.0
Otero_NM,35035,1.0
Rabun_GA,13241,1.0
Mora_NM,35033,1.0
Cherry_NE,31031,1.0
Scott_IN,18143,1.0
Richland_WI,55103,1.0
Franklin_LA,22041,1.0
Keith_NE,31101,1.0
Blaine_ID,16013,1.0
Adams_ID,16003,1.0
Monroe_WV,54063,1.0
Northampton_VA,51131,1.0
Sierra_NM,35051,1.0
Nantucket_MA,25019,1.0
Yuba_CA,06115,1.0
Lincoln_ID,16063,1.0
Adams_WI,55001,1.0
Fulton_KY,21075,1.0
Meigs_OH,39105,1.0
Ashe_NC,37009,1.0
Burnett_WI,55013,1.0
Campbell_SD,46021,1.0
Clay_NE,31035,1.0
Mecosta_MI,26107,1.0
Prentiss_MS,28117,1.0
Del Norte_CA,06015,1.0
Quay_NM,35037,1.0
Lincoln_OK,40081,1.0
Teton_WY,56039,1.0
Park_MT,30067,1.0
Daniels_MT,30019,1.0
Twiggs_GA,13289,1.0
Adams_ND,38001,1.0
Webster_MS,28155,1.0
Jerauld_SD,46073,1.0
Custer_ID,16037,1.0
Inyo_CA,06027,1.0
Irion_TX,48235,1.0
Oktibbeha_MS,28105,1.0
Lemhi_ID,16059,1.0
Lincoln_WA,53043,1.0
Schuyler_MO,29197,1.0
Johnson_MO,29101,1.0
Northumberland_VA,51133,1.0
Franklin_AR,05047,1.0
Barbour_WV,54001,1.0
Cass_MN,27021,1.0
Baker_OR,41001,1.0
Baylor_TX,48023,1.0
Blaine_MT,30005,1.0
Johnson_WY,56019,1.0
Perkins_SD,46105,1.0
St. Francis_AR,05123,1.0
Powder River_MT,30075,1.0
Sully_SD,46119,1.0
Bourbon_KS,20011,1.0
Hughes_OK,40063,1.0
Limestone_AL,01083,1.0
Harney_OR,41025,1.0
Fulton_AR,05049,1.0
Hooker_NE,31091,1.0
Albany_WY,56001,1.0
Crook_WY,56011,1.0
Hickman_TN,47081,1.0
Brule_SD,46015,1.0
McIntosh_OK,40091,1.0
Arthur_NE,31005,1.0
Willacy_TX,48489,1.0
Carson_TX,48065,1.0
Van Buren_AR,05141,1.0
Lewis_WV,54041,1.0
Harrison_OH,39067,1.0
Montgomery_AR,05097,1.0
Butler_MO,29023,1.0
Gem_ID,16045,1.0
Grant_ND,38037,1.0
Kearny_KS,20093,1.0
Dundy_NE,31057,1.0
Nottoway_VA,51135,1.0
Elbert_CO,08039,1.0
Holmes_FL,12059,1.0
Grant_KY,21081,1.0
Major_OK,40093,1.0
Sullivan_MO,29211,1.0
Owen_IN,18119,1.0
San Juan_UT,49037,1.0
Franklin_NE,31061,1.0
Jenkins_GA,13165,1.0
Montour_PA,42093,1.0
Golden Valley_ND,38033,1.0
Stone_MO,29209,1.0
Rio Blanco_CO,08103,1.0
Coleman_TX,48083,1.0
Jersey_IL,17083,1.0
Gallatin_KY,21077,1.0
Blanco_TX,48031,1.0
Phillips_CO,08095,1.0
Union_TN,47173,1.0
Dolores_CO,08033,1.0
Roosevelt_MT,30085,1.0
Benton_MO,29015,1.0
Richardson_NE,31147,1.0
Garza_TX,48169,1.0
Carbon_UT,49007,1.0
Day_SD,46037,1.0
Stanton_KS,20187,1.0
Kane_UT,49025,1.0
Adair_MO,29001,1.0
Madison_FL,12079,1.0
Hettinger_ND,38041,1.0
Lee_GA,13177,1.0
Sherman_NE,31163,1.0
Coffey_KS,20031,1.0
Jefferson Davis_MS,28065,1.0
Emery_UT,49015,1.0
Mercer_MO,29129,1.0
Matanuska Susitna_AK,02170,1.0
Wagoner_OK,40145,1.0
Llano_TX,48299,1.0
Mills_TX,48333,1.0
Sargent_ND,38081,1.0
Appanoose_IA,19007,1.0
Linn_KS,20107,1.0
Morton_KS,20129,1.0
Pierce_NE,31139,1.0
Deer Lodge_MT,30023,1.0
Nemaha_NE,31127,1.0
Johnson_NE,31097,1.0
McCreary_KY,21147,1.0
Garfield_NE,31071,1.0
Meagher_MT,30059,1.0
Presque Isle_MI,26141,1.0
Charles Mix_SD,46023,1.0
Calhoun_IL,17013,1.0
Lipscomb_TX,48295,1.0
Jackson_SD,46071,1.0
Teton_ID,16081,1.0
Iron_MO,29093,1.0
Orange_VA,51137,1.0
Apache_AZ,04001,1.0
Garfield_MT,30033,1.0
Osage_KS,20139,1.0
Grundy_TN,47061,1.0
Logan_ND,38047,1.0
Weakley_TN,47183,1.0
Pope_MN,27121,1.0
Gosper_NE,31073,1.0
Stillwater_MT,30095,1.0
Kemper_MS,28069,1.0
Kittson_MN,27069,1.0
Haskell_TX,48207,1.0
Spencer_KY,21215,1.0
Harrison_MO,29081,1.0
Page_VA,51139,1.0
Valley_MT,30105,1.0
Val Verde_TX,48465,1.0
Torrance_NM,35057,1.0
Rains_TX,48379,1.0
Clay_GA,13061,1.0
Hot Springs_WY,56017,1.0
Warren_MO,29219,1.0
Nowata_OK,40105,1.0
Southeast Fairbanks_AK,02240,1.0
Kodiak Island_AK,02150,1.0
Randolph_GA,13243,1.0
Evans_GA,13109,1.0
Clay_AL,01027,1.0
Alfalfa_OK,40003,1.0
Bertie_NC,37015,1.0
Sevier_AR,05133,1.0
Cherokee_AL,01019,1.0
Patrick_VA,51141,1.0
Bristol Bay_AK,02060,1.0
Aleutian Islands_AK,02016,0.5
Haines_AK,02100,1.0
Dawson_MT,30021,1.0
Skagway-Hoonah-Angoon_AK,02230,0.5
Skagway-Hoonah-Angoon_AK,02105,0.5
Pittsylvania_VA,51143,1.0
Powhatan_VA,51145,1.0
Franklin_FL,12037,1.0
Tyrrell_NC,37177,1.0
Levy_FL,12075,1.0
Wrangell Petersburg_AK,02195,0.5
Wrangell Petersburg_AK,02275,0.5
Humphreys_MS,28053,1.0
Pamlico_NC,37137,1.0
Somerset_MD,24039,1.0
Prince Edward_VA,51147,1.0
Crawford_IN,18025,1.0
Aleutians East_AK,02013,1.0
Dillingham_AK,02070,1.0
Dixie_FL,12029,1.0
Prince of Wales-Outer Ketchika_AK,02198,1.0
McIntosh_GA,13191,1.0
Prince George_VA,51149,1.0
Long_GA,13183,1.0
Prince William_VA,51153,1.0
Onslow_NC,37133,1.0
Oxford_ME,23017,1.0
Frontier_NE,31063,1.0
Steele_ND,38091,1.0
Gilliam_OR,41021,1.0
Wheatland_MT,30107,1.0
Foster_ND,38031,1.0
Sanborn_SD,46111,1.0
Santa Cruz_AZ,04023,1.0
Sabine_LA,22085,1.0
Ozark_MO,29153,1.0
Payette_ID,16075,1.0
Benson_ND,38005,1.0
Hudspeth_TX,48229,1.0
Pulaski_VA,51155,1.0
Dallas_AR,05039,1.0
Maverick_TX,48323,1.0
Graham_AZ,04009,1.0
Knox_KY,21121,1.0
Allen_LA,22003,1.0
Yoakum_TX,48501,1.0
Chicot_AR,05017,1.0
Webster_GA,13307,1.0
Rappahannock_VA,51157,1.0
Clark_SD,46025,1.0
Skamania_WA,53059,1.0
Lyman_SD,46085,1.0
Upson_GA,13293,1.0
Richmond_VA,51159,1.0
Plumas_CA,06063,1.0
Vilas_WI,55125,1.0
Calaveras_CA,06009,1.0
Rhea_TN,47143,1.0
Moore_TN,47127,1.0
Los Alamos_NM,35028,1.0
Brown_TX,48049,1.0
Eagle_CO,08037,1.0
Vernon_LA,22115,1.0
Roanoke_VA,51161,1.0
Tuolumne_CA,06109,1.0
Rockcastle_KY,21203,1.0
Lincoln_GA,13181,1.0
Knox_TX,48275,1.0
Jackson_NC,37099,1.0
Miller_MO,29131,1.0
San Juan_WA,53055,1.0
Archuleta_CO,08007,1.0
El Dorado_CA,06017,1.0
San Miguel_CO,08113,1.0
Sublette_WY,56035,1.0
Garden_NE,31069,1.0
Johnson_IL,17087,1.0
Rockbridge_VA,51163,1.0
Hancock_GA,13141,1.0
Trinity_CA,06105,1.0
Owen_KY,21187,1.0
Berrien_GA,13019,1.0
Cook_GA,13075,1.0
Sullivan_PA,42113,1.0
Rockingham_VA,51165,1.0
Russell_VA,51167,1.0
Scott_VA,51169,1.0
Lake_OR,41037,1.0
Nuckolls_NE,31129,1.0
Alleghany_NC,37005,1.0
Shenandoah_VA,51171,1.0
Smyth_VA,51173,1.0
Southampton_VA,51175,1.0
Trousdale_TN,47169,1.0
Marion_AL,01093,1.0
Cleveland_AR,05025,1.0
Pike_AR,05109,1.0
Drew_AR,05043,1.0
Bradley_AR,05011,1.0
Lassen_CA,06035,1.0
Las Animas_CO,08071,1.0
Custer_CO,08027,1.0
Lincoln_CO,08073,1.0
Gunnison_CO,08051,1.0
Charlton_GA,13049,1.0
Dodge_GA,13091,1.0
Telfair_GA,13271,1.0
Candler_GA,13043,1.0
Wilkes_GA,13317,1.0
Ringgold_IA,19159,1.0
Lucas_IA,19117,1.0
Decatur_IA,19053,1.0
Clearwater_ID,16035,1.0
Benewah_ID,16009,1.0
Rooks_KS,20163,1.0
Sheridan_KS,20179,1.0
Graham_KS,20065,1.0
Trego_KS,20195,1.0
Lincoln_KS,20105,1.0
Nicholas_KY,21181,1.0
Martin_KY,21159,1.0
Harlan_KY,21095,1.0
Magoffin_KY,21153,1.0
Breathitt_KY,21025,1.0
Rowan_KY,21205,1.0
Lewis_KY,21135,1.0
Lawrence_KY,21127,1.0
Union_LA,22111,1.0
Catahoula_LA,22025,1.0
Dukes_MA,25007,1.0
Lake_MI,26085,1.0
Montmorency_MI,26119,1.0
Oscoda_MI,26135,1.0
Luce_MI,26095,1.0
Lincoln_MN,27081,1.0
Caldwell_MO,29025,1.0
Reynolds_MO,29179,1.0
Benton_MS,28009,1.0
Union_MS,28145,1.0
Winston_MS,28159,1.0
Walthall_MS,28147,1.0
Franklin_MS,28037,1.0
Claiborne_MS,28021,1.0
Sharkey_MS,28125,1.0
Lincoln_MT,30053,1.0
Toole_MT,30101,1.0
Sheridan_MT,30091,1.0
Musselshell_MT,30065,1.0
Warren_NC,37185,1.0
Swain_NC,37173,1.0
Divide_ND,38023,1.0
Burke_ND,38013,1.0
McKenzie_ND,38053,1.0
Boyd_NE,31015,1.0
Dawes_NE,31045,1.0
Socorro_NM,35053,1.0
Guadalupe_NM,35019,1.0
Noble_OH,39121,1.0
Monroe_OH,39111,1.0
Tillman_OK,40141,1.0
Atoka_OK,40005,1.0
Beaver_OK,40007,1.0
Pushmataha_OK,40127,1.0
Latimer_OK,40077,1.0
Potter_PA,42105,1.0
Gregory_SD,46053,1.0
Fall River_SD,46047,1.0
Marshall_SD,46091,1.0
Custer_SD,46033,1.0
Dewey_SD,46041,1.0
Chester_TN,47023,1.0
Stewart_TN,47161,1.0
Wayne_TN,47181,1.0
Carter_TN,47019,1.0
Oldham_TX,48359,1.0
Hemphill_TX,48211,1.0
Culberson_TX,48109,1.0
McCulloch_TX,48307,1.0
Milam_TX,48331,1.0
Zapata_TX,48505,1.0
Childress_TX,48075,1.0
Jack_TX,48237,1.0
Morgan_UT,49029,1.0
Rich_UT,49033,1.0
Spotsylvania_VA,51177,1.0
Stafford_VA,51179,1.0
Surry_VA,51181,1.0
Sussex_VA,51183,1.0
Wahkiakum_WA,53069,1.0
Forest_WI,55041,1.0
Ritchie_WV,54085,1.0
Summers_WV,54089,1.0
Braxton_WV,54007,1.0
Calhoun_WV,54013,1.0
Logan_WV,54045,1.0
Pocahontas_WV,54075,1.0
Bethel_AK,02050,1.0
Wade Hampton_AK,02158,1.0
Coosa_AL,01037,1.0
Lafayette_AR,05073,1.0
Marshall_AR,05129,1.0
Newton_AR,05101,1.0
Perry_AR,05105,1.0
Prairie_AR,05117,1.0
Woodruff_AR,05147,1.0
Greenlee_AZ,04011,1.0
Modoc_CA,06049,1.0
Mono_CA,06051,1.0
Conejos_CO,08021,1.0
Gilpin_CO,08047,1.0
Jackson_CO,08057,1.0
Kiowa_CO,08061,1.0
Lake_CO,08065,1.0
Mineral_CO,08079,1.0
Park_CO,08093,1.0
San Juan_CO,08111,1.0
Lafayette_FL,12067,1.0
Liberty_FL,12077,1.0
Bleckley_GA,13023,1.0
Glascock_GA,13125,1.0
Lanier_GA,13173,1.0
Marion_GA,13197,1.0
Monroe_GA,13207,1.0
Montgomery_GA,13209,1.0
Quitman_GA,13239,1.0
Schley_GA,13249,1.0
Stewart_GA,13259,1.0
Talbot_GA,13263,1.0
Taliaferro_GA,13265,1.0
Treutlen_GA,13283,1.0
Warren_GA,13301,1.0
Wheeler_GA,13309,1.0
Butte_ID,16023,1.0
Camas_ID,16025,1.0
Clark_ID,16033,1.0
Henderson_IL,17071,1.0
Scott_IL,17171,1.0
Martin_IN,18101,1.0
Carlisle_KY,21039,1.0
Clay_KY,21051,1.0
Hickman_KY,21105,1.0
Jackson_KY,21109,1.0
Knott_KY,21119,1.0
Lee_KY,21129,1.0
Leslie_KY,21131,1.0
Menifee_KY,21165,1.0
Owsley_KY,21189,1.0
Powell_KY,21197,1.0
Robertson_KY,21201,1.0
Trimble_KY,21223,1.0
Caldwell_LA,22021,1.0
Claiborne_LA,22027,1.0
Grant_LA,22043,1.0
Tensas_LA,22107,1.0
West Carroll_LA,22123,1.0
Alcona_MI,26001,1.0
Keweenaw_MI,26083,1.0
Ontonagon_MI,26131,1.0
Putnam_MO,29171,1.0
Carroll_MS,28015,1.0
Choctaw_MS,28019,1.0
Greene_MS,28041,1.0
Jefferson_MS,28063,1.0
Broadwater_MT,30007,1.0
Glacier_MT,30035,1.0
Judith Basin_MT,30045,1.0
McCone_MT,30055,1.0
Mineral_MT,30061,1.0
Powell_MT,30077,1.0
Rosebud_MT,30087,1.0
Sweet Grass_MT,30097,1.0
Wibaux_MT,30109,1.0
Camden_NC,37029,1.0
Graham_NC,37075,1.0
Madison_NC,37115,1.0
Yancey_NC,37199,1.0
Kidder_ND,38043,1.0
McIntosh_ND,38051,1.0
Nelson_ND,38063,1.0
Renville_ND,38075,1.0
Rolette_ND,38079,1.0
Sioux_ND,38085,1.0
Blaine_NE,31009,1.0
Grant_NE,31075,1.0
Keya Paha_NE,31103,1.0
Logan_NE,31113,1.0
Stanton_NE,31167,1.0
Thomas_NE,31171,1.0
Webster_NE,31181,1.0
Catron_NM,35003,1.0
De Baca_NM,35011,1.0
Lander_NV,32015,1.0
Mineral_NV,32021,1.0
Hamilton_NY,36041,1.0
Morgan_OH,39115,1.0
Coal_OK,40029,1.0
Ellis_OK,40045,1.0
Harmon_OK,40057,1.0
Love_OK,40085,1.0
Okfuskee_OK,40107,1.0
Grant_OR,41023,1.0
Sherman_OR,41055,1.0
Wheeler_OR,41069,1.0
Cameron_PA,42023,1.0
Forest_PA,42053,1.0
McCormick_SC,45065,1.0
Aurora_SD,46003,1.0
Corson_SD,46031,1.0
Faulk_SD,46049,1.0
Haakon_SD,46055,1.0
Hanson_SD,46061,1.0
Harding_SD,46063,1.0
Miner_SD,46097,1.0
Todd_SD,46121,1.0
Ziebach_SD,46137,1.0
Hancock_TN,47067,1.0
Houston_TN,47083,1.0
Lake_TN,47095,1.0
Van Buren_TN,47175,1.0
Brewster_TX,48043,1.0
Briscoe_TX,48045,1.0
Brooks_TX,48047,1.0
Collingsworth_TX,48087,1.0
Concho_TX,48095,1.0
Crane_TX,48103,1.0
Crosby_TX,48107,1.0
Delta_TX,48119,1.0
Dimmit_TX,48127,1.0
Donley_TX,48129,1.0
Edwards_TX,48137,1.0
Floyd_TX,48153,1.0
Foard_TX,48155,1.0
Franklin_TX,48159,1.0
Hall_TX,48191,1.0
Hardeman_TX,48197,1.0
Jim Hogg_TX,48247,1.0
Limestone_TX,48293,1.0
Lynn_TX,48305,1.0
Mason_TX,48319,1.0
Mitchell_TX,48335,1.0
Motley_TX,48345,1.0
Newton_TX,48351,1.0
Randall_TX,48381,1.0
Reagan_TX,48383,1.0
Refugio_TX,48391,1.0
Sabine_TX,48403,1.0
San Augustine_TX,48405,1.0
Somervell_TX,48425,1.0
Starr_TX,48427,1.0
Sutton_TX,48435,1.0
Throckmorton_TX,48447,1.0
Trinity_TX,48455,1.0
Piute_UT,49031,1.0
Wayne_UT,49055,1.0
Tazewell_VA,51185,1.0
Warren_VA,51187,1.0
Washington_VA,51191,1.0
Westmoreland_VA,51193,1.0
Wise_VA,51195,1.0
Wythe_VA,51197,1.0
York_VA,51199,1.0
Columbia_WA,53013,1.0
Douglas_WA,53017,1.0
Ferry_WA,53019,1.0
Menominee_WI,55078,1.0
Clay_WV,54015,1.0
Doddridge_WV,54017,1.0
Lincoln_WV,54043,1.0
McDowell_WV,54047,1.0
Webster_WV,54101,1.0
Wirt_WV,54105,1.0
Niobrara_WY,56027,1.0
